時間戳記,您的性別,您的年齡,教育程度,您每月可支配所得(單位:台幣),您的職業,"使用的手機系統
註：
安卓：三星samsung,華碩asus,索尼sony,oppo,小米,vivo
ios：   蘋果apple,iphone
鴻蒙：華為",請問您平常都聽哪種風格的音樂？(複選),請問您何時會聽音樂？(複選),請問您通常怎麼聽免費音樂?,請問您通常在哪些付費平台聽音樂?,習慣使用何種裝置聽音樂,請問您通常一天會花多久時間在聽音樂上面?(小時),您會希望頁面推薦您喜歡的風格音樂,您會關閉螢幕邊聽音樂邊做其他事情,您聽音樂的時候願意接受廣告干擾,"1.將廣告移除2.可關閉螢幕聆聽音樂
等功能之軟體月租價格在多少以內您會願意購買(台幣)",您喜歡吉他,您平常有聽他人彈吉他,您平常有在彈吉他,您有興趣學彈吉他,"您知道Lofi是什麼東西(如果填寫1,2後面兩提請跳過)",喜歡 Lofi 的程度,平常播放 Lofi 的習慣,如果有虛擬人物在彈吉他會吸引你的注意程度,如果做成直播讓虛擬人物彈吉他會點進去聆聽程度,如果直播彈吉他有點曲功能會吸引你去點曲程度,如果點曲功能能夠添加生成詞讓歌曲有不同感覺是否會增加點曲意願,如果需要付費才能使用點曲功能你還願意點曲程度,如果有一個網頁能將你想彈的歌曲自動轉換成吉他譜你會願意訂閱此服務程度,如果有一個網頁能讓虛擬人物將自動轉換的吉他譜彈奏並教學你會願意訂閱此服務程度,以上所有服務會讓您對學吉他產生更大興趣,以上所有服務免費試用一個月會讓您對這些服務產生更大興趣,以上所有服務的月租價格在多少以內你會願意購買(台幣),以上所有服務的任何想法
2023/12/22 下午 10:47:01,女,18–25歲,大學,10001–20000元,學生,安卓,"流行, 獨立樂團, 抒情","開車時, 放鬆時, 娛樂時","Youtube, 習慣以付費串流平台聽音樂",Spotify,"手機APP, 智慧音箱(HomePod、小米智能音箱)",一到二小時,5,5,4,不願意,2,2,1,2,1,1,1,3,2,1,2,1,4,1,2,4,看30秒廣告解鎖使用一次,桂冠湯圓
2023/12/22 下午 10:54:15,女,18–25歲,大學,10000元以下,學生,ios,"流行, 抒情","工作時, 開車時",Youtube,沒有使用付費平台,"手機APP, 網頁",一小時以下,5,2,1,100以下,3,3,1,4,1,1,1,2,5,4,3,2,4,5,4,5,100以下,
2023/12/22 下午 10:55:56,男,18歲(不含)以下,大學,無收入,學生,ios,流行,"工作時, 放鬆時, 娛樂時",Youtube,AppleMusic,手機APP,一到二小時,4,4,2,不願意,3,3,1,2,1,3,2,3,3,3,3,3,4,3,3,3,看30秒廣告解鎖使用一次,
2023/12/22 下午 10:56:21,女,18–25歲,大學,10001–20000元,學生,ios,"流行, 抒情","放鬆時, 娛樂時",Youtube,Youtube music,手機APP,一小時以下,3,3,1,200以下,3,3,1,4,1,3,1,2,2,2,3,1,1,3,3,3,沒興趣,
2023/12/22 下午 11:26:45,男,18–25歲,大學,無收入,學生,安卓,"流行, 獨立樂團, Lofi, 古典","睡前, 工作時, 放鬆時, 娛樂時",Youtube,沒有使用付費平台,網頁,一小時以下,5,5,1,不願意,4,3,1,3,5,4,3,5,5,5,5,4,2,4,4,5,看30秒廣告解鎖使用一次,
2023/12/22 下午 11:34:27,男,26–35歲,研究所(含)以上,30001–40000元,電子業,安卓,"流行, 獨立樂團, 抒情","放鬆時, 娛樂時",Youtube,"Spotify, Youtube music","手機APP, 網頁",一小時以下,4,3,1,200以下,3,3,2,3,4,3,3,2,2,4,4,3,2,2,2,2,100以下,
2023/12/22 下午 11:47:57,男,18–25歲,大學,無收入,學生,ios,"流行, 搖滾, 獨立樂團","吃飯時, 工作時, 放鬆時, 娛樂時","Youtube, 習慣以付費串流平台聽音樂",Youtube music,"手機APP, 網頁, 電腦軟體",二到三小時,3,5,1,200以下,5,5,1,5,1,3,1,1,1,3,1,1,5,4,3,3,300以下,
2023/12/22 下午 11:57:32,男,18–25歲,大學,10001–20000元,學生,安卓,"流行, 搖滾, 獨立樂團, 電音, 電波歌","工作時, 開車時, 娛樂時","Youtube, 下載成mp3聆聽",沒有使用付費平台,"網頁, mp3音箱插隨身碟",一到二小時,5,4,1,不願意,3,2,1,3,1,1,1,5,4,3,4,1,2,2,4,4,看30秒廣告解鎖使用一次,我要團子牛奶
2023/12/23 上午 12:06:46,男,56–65歲,高中(職),30001–40000元,軍公教,ios,"流行, 獨立樂團, 抒情",放鬆時,Youtube,沒有使用付費平台,電腦軟體,一小時以下,3,3,2,100以下,3,3,1,3,1,1,1,3,3,3,3,1,1,3,3,2,100以下,
2023/12/23 上午 12:07:55,女,18歲(不含)以下,大學,20001–30000元,學生,ios,流行,"放鬆時, 娛樂時",Youtube,沒有使用付費平台,手機APP,一小時以下,5,5,2,200以下,2,2,1,3,1,1,1,2,3,2,3,3,2,4,2,3,200以下,
2023/12/23 上午 12:33:40,男,18–25歲,大學,無收入,學生,安卓,"流行, 抒情","工作時, 放鬆時, 娛樂時",Youtube,Youtube music,"手機APP, 網頁",二到三小時,4,4,1,200以下,3,1,1,1,1,1,1,1,1,1,1,1,1,1,1,4,500以上,
2023/12/23 上午 2:03:38,女,18–25歲,大學,10000元以下,學生,ios,"流行, 獨立樂團, 電音, 抒情","放鬆時, 娛樂時",Youtube,沒有使用付費平台,"手機APP, 網頁, 電腦軟體",二到三小時,3,4,1,100以下,3,2,1,3,1,2,2,3,3,3,3,2,3,3,3,3,看30秒廣告解鎖使用一次,
2023/12/23 上午 6:13:39,女,46–55歲,研究所(含)以上,30001–40000元,軍公教,ios,"流行, 抒情","起床時, 開車時, 放鬆時",Youtube,KKBOX,mp3音箱插隨身碟,一到二小時,4,3,2,300以下,4,4,2,4,2,2,2,4,4,4,4,3,4,4,4,4,300以下,期待Al生成吉他演奏的出現
2023/12/23 上午 10:05:33,女,18歲(不含)以下,高中(職),無收入,學生,ios,"流行, 抒情","洗澡時, 放鬆時, 娛樂時","Youtube, 下載成mp3聆聽",沒有使用付費平台,網頁,一小時以下,4,2,1,不願意,3,1,1,3,1,3,1,3,3,4,4,1,1,3,4,3,看30秒廣告解鎖使用一次,
2023/12/23 上午 10:11:50,男,56–65歲,大學,30001–40000元,大眾傳播,安卓,"流行, 古典, 抒情, 爵士","工作時, 開車時, 放鬆時",Youtube,沒有使用付費平台,手機APP,一到二小時,5,5,3,100以下,5,2,1,5,1,3,1,5,5,5,5,5,5,5,5,5,看30秒廣告解鎖使用一次,
2023/12/23 上午 10:22:11,男,18–25歲,高中(職),無收入,學生,安卓,"流行, 搖滾, 重金屬, 古典","工作時, 放鬆時, 娛樂時","Youtube, 習慣以付費串流平台聽音樂",Spotify,手機APP,三到四小時,4,5,1,100以下,2,3,1,2,1,2,1,1,1,3,4,2,3,2,3,4,看30秒廣告解鎖使用一次,
2023/12/23 上午 10:27:27,女,46–55歲,研究所(含)以上,40001–50000元,軍公教,三星,抒情,放鬆時,Youtube,Youtube music,手機APP,一到二小時,5,5,2,200以下,5,3,1,3,5,2,1,4,4,4,4,3,2,3,4,4,300以下,
2023/12/23 上午 10:41:57,女,18歲(不含)以下,高中(職),無收入,學生,ios,流行,"洗澡時, 開車時, 放鬆時, 娛樂時","Youtube, 下載成mp3聆聽, 習慣以付費串流平台聽音樂",Spotify,"手機APP, 電腦軟體",二到三小時,5,5,1,100以下,3,2,2,2,3,3,3,3,3,3,3,2,3,3,4,4,100以下,
2023/12/23 上午 11:06:35,男,56–65歲,研究所(含)以上,60001元以上,軍公教,安卓,古典,放鬆時,"Youtube, 下載成mp3聆聽",沒有使用付費平台,"手機APP, 電腦軟體",一小時以下,5,3,1,100以下,5,3,2,4,1,3,3,4,4,5,4,1,5,5,4,5,100以下,
2023/12/23 上午 11:11:54,男,18歲(不含)以下,高中(職),無收入,學生,ios,"電音, 抒情","睡前, 工作時, 放鬆時",Youtube,AppleMusic,手機APP,一小時以下,3,5,1,不願意,3,3,1,3,1,1,1,1,1,1,1,1,1,1,1,1,看30秒廣告解鎖使用一次,無
2023/12/23 上午 11:15:23,男,18歲(不含)以下,高中(職),無收入,學生,安卓,"流行, Lofi, 古典, 抒情, 爵士","起床時, 洗澡時, 工作時, 放鬆時, 娛樂時","Youtube, 習慣以付費串流平台聽音樂","Spotify, KKBOX",手機APP,一到二小時,5,5,1,100以下,4,5,5,4,4,5,4,3,4,4,4,3,4,3,4,4,看30秒廣告解鎖使用一次,
2023/12/23 上午 11:16:53,男,18歲(不含)以下,高中(職),無收入,學生,安卓,"流行, 搖滾, 電音, 抒情","洗澡時, 睡前, 放鬆時, 娛樂時",Samsung music ,沒有使用付費平台,手機APP,一到二小時,3,5,1,不願意,4,4,3,3,1,1,1,4,4,5,5,1,4,4,4,3,看30秒廣告解鎖使用一次,
2023/12/23 上午 11:23:07,男,18歲(不含)以下,高中(職),無收入,學生,安卓,搖滾,"吃飯時, 睡前, 放鬆時",Youtube,沒有使用付費平台,無,沒有,3,1,1,不願意,5,5,5,5,5,2,1,1,1,1,2,1,3,2,2,2,500以下,
2023/12/23 上午 11:40:31,女,18–25歲,高中(職),無收入,學生,安卓,"流行, 抒情",洗澡時,下載成mp3聆聽,沒有使用付費平台,手機APP,一到二小時,5,5,2,不願意,3,3,1,5,1,3,1,5,4,5,5,2,5,2,4,5,看30秒廣告解鎖使用一次,
2023/12/23 上午 11:44:17,女,18歲(不含)以下,高中(職),10000元以下,學生,安卓,"流行, 抒情","洗澡時, 娛樂時",Youtube,沒有使用付費平台,手機APP,一到二小時,4,4,1,200以下,4,3,2,4,4,3,3,4,4,4,4,2,4,4,4,4,300以下,
2023/12/23 上午 11:51:57,男,18–25歲,大學,10000元以下,學生,安卓,"流行, 搖滾","放鬆時, 娛樂時","Youtube, 下載成mp3聆聽",沒有使用付費平台,"手機APP, 網頁",一小時以下,4,4,4,不願意,3,3,1,1,1,1,1,3,3,3,3,3,3,3,3,1,看30秒廣告解鎖使用一次,
2023/12/23 上午 11:53:05,女,18歲(不含)以下,高中(職),無收入,學生,ios,"流行, 電音, 古典, 抒情","洗澡時, 開車時, 放鬆時, 娛樂時","下載成mp3聆聽, 習慣以付費串流平台聽音樂",AppleMusic,手機APP,一到二小時,5,3,1,不願意,3,1,1,1,1,1,1,4,4,1,1,1,1,1,1,1,沒興趣,
2023/12/23 下午 12:11:46,男,18–25歲,大學,10000元以下,學生,ios,"流行, 搖滾","洗澡時, 睡前, 開車時, 放鬆時, 娛樂時","Youtube, 習慣以付費串流平台聽音樂",AppleMusic,"手機APP, 網頁, 電腦軟體",一到二小時,3,5,1,不願意,4,3,1,4,1,3,1,2,2,3,4,3,3,2,3,3,看30秒廣告解鎖使用一次,想當免費仔
2023/12/23 下午 12:11:47,女,18–25歲,大學,20001–30000元,學生,ios,"流行, 抒情","洗澡時, 放鬆時",習慣以付費串流平台聽音樂,Youtube music,手機APP,一小時以下,3,5,2,200以下,2,1,1,3,2,2,1,1,1,1,2,1,3,1,2,3,200以下,
2023/12/23 下午 12:15:45,男,18–25歲,高中(職),20001–30000元,製造業,安卓,流行,"起床時, 工作時, 開車時, 放鬆時, 娛樂時","Youtube, 習慣以付費串流平台聽音樂","Spotify, KKBOX","手機APP, 網頁, 電腦軟體, 智慧音箱(HomePod、小米智能音箱)",五小時以上,4,4,2,200以下,3,3,3,4,1,3,1,3,3,3,3,2,3,2,3,3,100以下,
2023/12/23 下午 12:18:56,女,18歲(不含)以下,高中(職),無收入,學生,Vivo,"流行, 抒情","放鬆時, 娛樂時",Youtube,"Spotify, 沒有付費",手機APP,一到二小時,5,5,2,100以下,3,3,1,3,1,3,1,5,5,5,5,1,4,5,5,5,看30秒廣告解鎖使用一次,
2023/12/23 下午 12:35:09,女,18–25歲,大學,10001–20000元,學生,ios,"流行, 抒情","睡前, 開車時, 放鬆時, 娛樂時, 化妝時",Youtube,Spotify,手機APP,一到二小時,5,5,3,100以下,4,5,1,3,5,2,1,3,3,4,4,1,1,3,3,3,看30秒廣告解鎖使用一次,
2023/12/23 下午 12:42:21,女,18–25歲,大學,10000元以下,學生,ios,"流行, 抒情","洗澡時, 放鬆時, 娛樂時",Youtube,沒有使用付費平台,"手機APP, 網頁",四到五小時,4,4,1,不願意,4,3,1,5,1,3,3,3,2,2,3,1,4,4,4,5,看30秒廣告解鎖使用一次,
2023/12/23 下午 12:50:48,女,18歲(不含)以下,高中(職),無收入,學生,安卓,"流行, 抒情","起床時, 吃飯時, 洗澡時, 睡前, 工作時, 開車時, 放鬆時, 娛樂時",Youtube,Spotify,手機APP,一到二小時,5,5,1,100以下,3,3,1,3,1,1,1,1,1,1,1,1,1,1,3,3,沒興趣,無
2023/12/23 下午 12:56:55,男,18–25歲,大學,10000元以下,學生,ios,"電音, Lofi, 抒情","睡前, 工作時, 放鬆時, 娛樂時","Youtube, 下載成mp3聆聽",沒有使用付費平台,"手機APP, 網頁",二到三小時,5,5,1,100以下,5,4,2,5,5,4,3,2,3,4,4,1,5,3,3,3,100以下,
2023/12/23 下午 12:57:50,女,56–65歲,高中(職),40001–50000元,服務業,安卓,流行,開車時,Youtube,沒有使用付費平台,手機APP,二到三小時,4,5,2,不願意,4,4,2,3,1,2,2,2,3,3,4,1,2,3,2,3,沒興趣,商可
2023/12/23 下午 1:07:56,男,56–65歲,大學,60001元以上,農林漁牧業,安卓,古典,開車時,Youtube,沒有使用付費平台,手機APP,一小時以下,3,4,1,100以下,3,4,2,4,1,2,1,3,4,3,3,2,3,3,3,3,100以下,
2023/12/23 下午 1:09:41,女,46–55歲,高中(職),30001–40000元,軍公教,安卓,"流行, Lofi","睡前, 放鬆時",Youtube,沒有使用付費平台,網頁,一小時以下,3,5,1,200以下,4,3,2,3,1,1,1,4,4,4,5,3,3,3,4,5,500以下,
2023/12/23 下午 1:13:13,女,18歲(不含)以下,高中(職),無收入,學生,安卓,"流行, 抒情, 爵士","洗澡時, 放鬆時, 娛樂時","Youtube, 下載成mp3聆聽",沒有使用付費平台,"手機APP, 網頁",一小時以下,4,4,1,不願意,4,3,1,4,1,3,1,4,4,4,4,2,2,2,4,4,100以下,
2023/12/23 下午 1:24:06,男,26–35歲,大學,30001–40000元,服務業,安卓,流行,工作時,"Youtube, 下載成mp3聆聽",沒有使用付費平台,手機APP,一小時以下,1,2,1,200以下,3,3,3,3,3,3,3,2,3,3,3,3,3,3,3,3,300以下,
2023/12/23 下午 1:26:31,女,46–55歲,研究所(含)以上,60001元以上,軍公教,安卓,"流行, 古典, 抒情, ","工作時, 開車時","Youtube, 下載成mp3聆聽",沒有使用付費平台,"手機APP, 網頁",一小時以下,1,4,1,不願意,3,3,3,4,1,3,1,1,1,3,4,1,3,4,3,4,沒興趣,無
2023/12/23 下午 1:30:35,女,56–65歲,高中(職),50001-60000元,電子業,安卓,電音,睡前,下載成mp3聆聽,AppleMusic,智慧音箱(HomePod、小米智能音箱),二到三小時,3,3,3,300以下,2,2,3,3,3,3,3,3,3,3,3,3,3,3,3,3,500以上,
2023/12/23 下午 1:38:12,女,18–25歲,高中(職),10001–20000元,學生,ios,"流行, 獨立樂團, 重金屬, 古典, 抒情","起床時, 洗澡時, 開車時, 放鬆時, 娛樂時",習慣以付費串流平台聽音樂,Spotify,"手機APP, 網頁, 智慧音箱(HomePod、小米智能音箱), mp3音箱插隨身碟",五小時以上,3,5,1,200以下,4,3,2,5,1,3,1,1,1,1,1,1,5,2,2,2,300以下,自動生成譜蠻讚的
2023/12/23 下午 1:46:29,女,18–25歲,大學,10000元以下,學生,安卓,"流行, 抒情","洗澡時, 工作時, 放鬆時, 娛樂時","Youtube, 下載成mp3聆聽",沒有使用付費平台,手機APP,一到二小時,5,5,2,不願意,3,2,1,3,1,2,1,4,4,5,4,3,2,2,3,3,看30秒廣告解鎖使用一次,
2023/12/23 下午 1:50:04,女,18–25歲,大學,無收入,學生,安卓,"流行, Lofi, 爵士","吃飯時, 工作時, 放鬆時, 娛樂時",Youtube,"Youtube music, 沒有使用付費平台","手機APP, 網頁",四到五小時,3,5,3,100以下,3,1,1,1,5,4,3,2,2,2,2,2,1,1,2,3,看30秒廣告解鎖使用一次,
2023/12/23 下午 2:01:04,女,18–25歲,大學,10001–20000元,學生,ios,"流行, 抒情, 爵士","起床時, 吃飯時, 洗澡時, 睡前, 工作時, 開車時, 放鬆時, 娛樂時",習慣以付費串流平台聽音樂,Youtube music,手機APP,二到三小時,2,2,1,100以下,4,4,2,4,1,1,1,3,3,3,4,2,4,3,3,3,300以下,
2023/12/23 下午 2:01:49,女,18–25歲,大學,10000元以下,學生,安卓,"流行, 電音","吃飯時, 睡前, 工作時, 開車時, 放鬆時, 娛樂時",Youtube,沒有使用付費平台,"手機APP, 電腦軟體",五小時以上,5,5,1,100以下,3,2,1,3,4,4,3,4,4,4,5,2,5,4,4,4,看30秒廣告解鎖使用一次,
2023/12/23 下午 2:07:46,女,18–25歲,大學,10000元以下,學生,ios,"流行, 抒情","開車時, 放鬆時",Youtube,沒有使用付費平台,"手機APP, 網頁",一到二小時,4,5,1,100以下,4,5,1,5,1,1,1,3,1,3,4,1,5,4,4,4,100以下,
2023/12/23 下午 2:08:32,男,18歲(不含)以下,高中(職),無收入,學生,小米,"流行, 搖滾, 電音, 抒情","洗澡時, 睡前, 放鬆時, 娛樂時",Youtube,沒有使用付費平台,"手機APP, 電腦軟體",一到二小時,4,5,1,200以下,4,4,4,4,1,3,1,4,2,4,4,1,5,5,4,4,看30秒廣告解鎖使用一次,
2023/12/23 下午 2:10:56,女,18歲(不含)以下,高中(職),無收入,學生,安卓,"流行, 抒情","吃飯時, 睡前, 讀書時",Youtube,"Spotify, Youtube music, KKBOX",手機APP,一小時以下,3,4,1,不願意,4,4,4,5,3,4,2,4,4,4,4,4,5,4,4,5,看30秒廣告解鎖使用一次,
2023/12/23 下午 2:12:26,男,18歲(不含)以下,國中,無收入,學生,安卓,"流行, 搖滾, 獨立樂團, 抒情","睡前, 放鬆時, 娛樂時",Youtube,沒有使用付費平台,"手機APP, 網頁, 電腦軟體",一到二小時,3,3,2,300以下,2,3,1,2,1,1,1,1,2,2,2,2,2,1,2,1,200以下,
2023/12/23 下午 2:12:39,男,26–35歲,大學,40001–50000元,金融保險業,安卓,"流行, 獨立樂團, 重金屬","起床時, 放鬆時, 娛樂時",Youtube,Youtube music,智慧音箱(HomePod、小米智能音箱),二到三小時,5,4,2,200以下,4,4,2,4,4,4,4,4,4,4,5,3,4,4,4,5,200以下,
2023/12/23 下午 2:16:43,男,56–65歲,研究所(含)以上,60001元以上,軍公教,安卓,"流行, 爵士","起床時, 睡前, 開車時",Youtube,"Youtube music, 沒有使用付費平台","手機APP, 智慧音箱(HomePod、小米智能音箱)",一到二小時,4,4,2,100以下,3,2,1,2,1,1,1,3,2,2,3,2,2,2,2,3,看30秒廣告解鎖使用一次,
2023/12/23 下午 2:18:13,女,36–45歲,研究所(含)以上,50001-60000元,商業,ios,"流行, 抒情","睡前, 開車時",Bili Bili,AppleMusic,手機APP,一小時以下,4,4,2,500以下,5,5,3,4,3,3,3,4,4,4,4,4,4,4,5,5,500以下,讓我認識更多音樂軟體，有興趣去查詢吉他演奏資料
2023/12/23 下午 2:30:50,女,36–45歲,大學,30001–40000元,教育行政,ios,"流行, 古典, 抒情","開車時, 放鬆時","Youtube, 下載成mp3聆聽",沒有使用付費平台,手機APP,一小時以下,4,5,1,不願意,3,1,1,2,1,3,1,4,3,5,3,1,1,2,1,1,沒興趣,
2023/12/23 下午 2:43:36,男,18–25歲,大學,10000元以下,學生,ios,"流行, 獨立樂團, 古典, 抒情","工作時, 放鬆時, 娛樂時","Youtube, 習慣以付費串流平台聽音樂",Spotify,"手機APP, 網頁",一到二小時,4,5,3,不願意,4,2,1,3,5,4,2,2,1,3,3,1,2,1,1,1,沒興趣,
2023/12/23 下午 2:49:51,男,65歲以上,大學,30001–40000元,退休,ios,"流行, 古典, ",放鬆時,"Youtube, 下載成mp3聆聽",沒有使用付費平台,電腦軟體,一小時以下,3,1,1,200以下,3,3,1,1,1,1,1,3,3,2,3,1,2,2,2,1,200以下,
2023/12/23 下午 3:11:48,女,18–25歲,高中(職),10000元以下,學生,ios,"流行, 獨立樂團, 抒情","工作時, 開車時, 放鬆時, 娛樂時","Youtube, Bili Bili",沒有使用付費平台,手機APP,二到三小時,5,5,1,100以下,3,4,3,5,1,3,1,4,4,5,5,2,4,4,4,5,100以下,
2023/12/23 下午 3:13:59,男,18–25歲,大學,10000元以下,學生,ios,"獨立樂團, 嘻哈","起床時, 吃飯時, 洗澡時, 睡前, 工作時, 開車時, 放鬆時, 娛樂時, 無時無刻",習慣以付費串流平台聽音樂,Spotify,"手機APP, 網頁, 電腦軟體",五小時以上,5,5,1,100以下,3,2,1,1,1,1,1,1,1,1,1,3,3,3,2,3,100以下,
2023/12/23 下午 3:31:38,女,36–45歲,研究所(含)以上,60001元以上,家管,安卓,"流行, 抒情","開車時, 放鬆時",Youtube,Youtube music,手機APP,一小時以下,3,5,1,200以下,3,3,1,1,1,1,1,1,2,2,2,1,1,1,1,1,看30秒廣告解鎖使用一次,
2023/12/23 下午 3:35:01,女,18–25歲,大學,10000元以下,學生,ios,"流行, 獨立樂團, 古典","睡前, 放鬆時, 娛樂時",習慣以付費串流平台聽音樂,"Spotify, Youtube music",手機APP,一小時以下,4,4,1,200以下,3,4,2,4,1,3,1,1,1,1,1,1,1,1,1,1,沒興趣,
2023/12/23 下午 3:36:43,男,65歲以上,大學,60001元以上,軍公教,ios,古典,開車時,Youtube,沒有使用付費平台,無,一小時以下,3,3,1,不願意,3,2,1,1,1,1,1,1,1,2,2,2,2,2,1,1,100以下,
2023/12/23 下午 3:37:39,其他,56–65歲,高中(職),60001元以上,軍公教,沒手機,"流行, 搖滾, 獨立樂團, 電音, 重金屬, Lofi, 古典, 抒情, 爵士","起床時, 睡前, 工作時, 放鬆時, 娛樂時","Youtube, 習慣以付費串流平台聽音樂","Youtube music, AppleMusic, Line Music, MOOV","手機APP, 電腦軟體, mp3音箱插隨身碟",二到三小時,4,5,4,300以下,5,4,3,3,5,5,5,5,5,5,5,5,5,5,4,5,500以上,實在是太星爆了
2023/12/23 下午 3:37:46,男,46–55歲,大學,50001-60000元,資訊業,安卓,古典,開車時,Youtube,沒有使用付費平台,手機APP,一小時以下,3,3,3,不願意,3,3,3,3,1,3,3,2,2,2,2,2,2,2,2,2,100以下,
2023/12/23 下午 3:40:52,女,26–35歲,高中(職),無收入,家管,ios,"流行, 搖滾, 抒情",做家事時,PartyTu,沒有使用付費平台,手機APP,三到四小時,3,5,1,不願意,3,2,1,3,5,3,1,3,3,3,3,1,2,3,3,3,沒興趣,
2023/12/23 下午 3:44:11,女,18–25歲,大學,20001–30000元,學生,安卓,獨立樂團,"睡前, 放鬆時, 娛樂時",Youtube,Youtube music,手機APP,二到三小時,4,5,1,100以下,3,1,1,1,1,1,1,1,1,1,1,1,1,1,1,1,沒興趣,
2023/12/23 下午 3:45:11,男,18–25歲,大學,10001–20000元,學生,安卓,"流行, 獨立樂團, Lofi, 抒情","睡前, 工作時, 放鬆時, 娛樂時","Youtube, Bili Bili, 習慣以付費串流平台聽音樂",Spotify,網頁,一到二小時,4,5,1,不願意,5,5,1,3,5,4,3,1,2,3,3,1,4,5,3,4,400以下,
2023/12/23 下午 3:47:03,男,18–25歲,高中(職),60001元以上,學生,ios,"流行, 搖滾, 電音, 重金屬","工作時, 放鬆時, 娛樂時","Youtube, Bili Bili, 習慣以付費串流平台聽音樂","Youtube music, AppleMusic, KKBOX, MOOV","手機APP, 電腦軟體, 智慧音箱(HomePod、小米智能音箱)",一到二小時,5,5,1,200以下,3,4,1,1,1,1,1,1,1,1,1,1,1,1,1,1,100以下,
2023/12/23 下午 3:59:19,男,18–25歲,高中(職),10001–20000元,服務業,ios,"流行, 抒情","洗澡時, 放鬆時, ",Youtube,"Spotify, Youtube music","手機APP, 網頁, 電腦軟體",一到二小時,4,3,1,300以下,1,1,1,1,2,3,1,3,3,4,3,1,3,3,4,4,沒興趣,
2023/12/23 下午 4:02:26,女,46–55歲,研究所(含)以上,50001-60000元,自由業,ios,"Lofi, 爵士","開車時, 娛樂時",下載成mp3聆聽,Youtube music,電腦軟體,一到二小時,5,4,2,300以下,4,4,2,4,5,5,4,4,4,5,5,4,4,4,4,4,300以下,Lofi 很棒！
2023/12/23 下午 4:07:05,男,26–35歲,大學,無收入,待業,安卓,古典,"放鬆時, 娛樂時","Youtube, 下載成mp3聆聽",沒有使用付費平台,"手機APP, 網頁",五小時以上,5,4,1,100以下,3,3,1,2,1,3,1,3,4,2,5,2,4,4,4,4,看30秒廣告解鎖使用一次,
2023/12/23 下午 4:07:41,女,56–65歲,大學,30001–40000元,軍公教,ios,"流行, 古典, 抒情","開車時, 放鬆時, 娛樂時","Youtube, 下載成mp3聆聽","Youtube music, KKBOX","手機APP, 電腦軟體",一到二小時,3,5,1,200以下,3,5,1,1,1,1,1,4,4,4,4,3,5,4,2,2,200以下,
2023/12/23 下午 4:09:31,男,18–25歲,大學,10000元以下,學生,ios,"流行, 電音, 抒情","吃飯時, 睡前, 開車時, 放鬆時, 娛樂時",習慣以付費串流平台聽音樂,Spotify,"手機APP, 電腦軟體",三到四小時,4,5,1,100以下,3,3,1,3,2,3,3,3,3,4,4,3,3,4,3,4,100以下,
2023/12/23 下午 4:09:36,男,18–25歲,大學,無收入,學生,安卓,"流行, 搖滾, 獨立樂團, 電音, 重金屬, Lofi, 古典, 抒情, 爵士","起床時, 洗澡時, 睡前, 工作時, 開車時, 放鬆時, 娛樂時","Youtube, 習慣以付費串流平台聽音樂",Youtube music,"手機APP, 網頁",五小時以上,5,5,1,200以下,5,4,1,5,5,3,3,5,5,5,3,3,3,3,4,3,300以下,巴哈姆特凱留大將軍祝你期末加油 ^^
2023/12/23 下午 4:11:21,其他,26–35歲,大學,50001-60000元,商業,安卓,古典,娛樂時,Youtube,沒有使用付費平台,CD撥放裝置接音響,一小時以下,3,1,1,不願意,2,1,1,1,1,2,1,1,1,1,1,1,1,1,1,1,沒興趣,
2023/12/23 下午 4:21:16,女,18歲(不含)以下,國中,無收入,學生,ios,流行,"放鬆時, 娛樂時","Youtube, 下載成mp3聆聽, 習慣以付費串流平台聽音樂","Spotify, Youtube music, KKBOX, Line Music","手機APP, 網頁, 電腦軟體",二到三小時,3,3,2,200以下,3,3,3,3,2,3,3,3,3,3,3,3,3,3,4,3,看30秒廣告解鎖使用一次,
2023/12/23 下午 4:29:34,男,18–25歲,大學,10001–20000元,學生,安卓,"流行, 抒情","起床時, 吃飯時, 洗澡時, 睡前, 工作時, 放鬆時, 娛樂時","Youtube, 習慣以付費串流平台聽音樂",Youtube music,"手機APP, 網頁",五小時以上,5,5,1,200以下,1,1,1,1,1,1,1,1,1,1,1,1,1,1,1,1,沒興趣,
2023/12/23 下午 4:31:42,女,18–25歲,大學,10001–20000元,學生,ios,"流行, 搖滾, 獨立樂團, 抒情","起床時, 吃飯時, 睡前, 開車時, 放鬆時, 娛樂時",習慣以付費串流平台聽音樂,Spotify,手機APP,四到五小時,5,5,1,100以下,4,4,1,3,3,3,2,3,3,3,3,3,3,3,3,4,100以下,
2023/12/23 下午 4:46:53,女,18–25歲,大學,10001–20000元,學生,ios,"流行, 抒情","開車時, 放鬆時",習慣以付費串流平台聽音樂,Youtube music,手機APP,一小時以下,4,5,1,100以下,3,3,1,3,1,3,1,2,2,2,2,2,2,1,2,2,沒興趣,
2023/12/23 下午 4:49:49,男,18–25歲,大學,無收入,學生,安卓,流行,娛樂時,"Youtube, 下載成mp3聆聽",沒有使用付費平台,"手機APP, 網頁",一小時以下,4,4,2,100以下,3,1,1,1,1,3,1,2,2,2,4,1,1,1,3,4,看30秒廣告解鎖使用一次,
2023/12/23 下午 4:52:18,男,65歲以上,大學,50001-60000元,退休,ios,古典,工作時,"Youtube, ",沒有使用付費平台,無,三到四小時,4,4,2,100以下,4,1,1,3,1,3,1,4,4,4,4,2,2,2,3,4,300以下,
2023/12/23 下午 4:55:29,男,18–25歲,大學,無收入,待業,ios,"流行, 搖滾, 獨立樂團, Lofi, 抒情, 爵士","放鬆時, 娛樂時",Youtube,沒有使用付費平台,"手機APP, 網頁",一到二小時,5,2,1,不願意,4,1,1,2,4,4,3,3,3,3,2,1,3,3,3,2,沒興趣,
2023/12/23 下午 5:06:29,女,36–45歲,大學,30001–40000元,軍公教,ios,"流行, 古典, 抒情",開車時,MB3,沒有使用付費平台,手機APP,一小時以下,5,5,1,不願意,3,3,1,2,1,1,1,2,2,4,4,1,1,1,3,1,沒興趣,無
2023/12/23 下午 5:07:46,男,18–25歲,大學,無收入,學生,ios,"流行, 抒情","洗澡時, 放鬆時, 娛樂時","Youtube, 習慣以付費串流平台聽音樂",Spotify,手機APP,二到三小時,5,5,2,200以下,4,2,1,4,1,3,3,4,2,4,5,3,4,4,4,5,看30秒廣告解鎖使用一次,
2023/12/23 下午 5:11:17,其他,26–35歲,高中(職),20001–30000元,自由業,安卓,"流行, 古典, 抒情","放鬆時, 娛樂時",Youtube,Youtube music,"手機APP, 電腦軟體",一到二小時,5,5,5,不願意,4,1,1,5,1,1,1,5,2,2,2,1,1,2,1,1,看30秒廣告解鎖使用一次,
2023/12/23 下午 5:13:02,男,26–35歲,大學,30001–40000元,服務業,安卓,"流行, 抒情","工作時, 放鬆時","Youtube, 習慣以付費串流平台聽音樂",Youtube music,"手機APP, 網頁, 智慧音箱(HomePod、小米智能音箱)",四到五小時,5,5,1,200以下,2,4,1,3,1,3,3,3,3,4,3,3,4,4,4,4,300以下,
2023/12/23 下午 5:20:06,女,65歲以上,大學,30001–40000元,退休,安卓,流行,"開車時, 放鬆時, 娛樂時",Youtube,沒有使用付費平台,網頁,一小時以下,1,1,5,100以下,1,1,5,1,5,1,1,1,1,1,1,1,1,1,1,1,看30秒廣告解鎖使用一次,
2023/12/23 下午 5:39:59,男,56–65歲,研究所(含)以上,60001元以上,資訊業,安卓,古典,放鬆時,Youtube,KKBOX,電腦軟體,五小時以上,2,3,1,100以下,5,5,5,5,3,3,1,3,3,4,4,3,4,4,4,3,100以下,
2023/12/23 下午 5:44:15,男,18–25歲,大學,10000元以下,學生,安卓,"流行, Lofi","放鬆時, 娛樂時",習慣以付費串流平台聽音樂,Youtube music,手機APP,一小時以下,5,5,1,200以下,4,3,1,4,5,5,4,2,2,2,4,1,4,4,3,4,看30秒廣告解鎖使用一次,
2023/12/23 下午 5:49:51,男,18–25歲,大學,20001–30000元,學生,安卓,"流行, 抒情","起床時, 睡前, 放鬆時, 娛樂時","Youtube, Bubble player 肯定是最讚ㄉ",沒有使用付費平台,"手機APP, 網頁",二到三小時,5,5,1,不願意,5,5,2,5,1,3,3,2,2,4,4,2,4,4,4,4,看30秒廣告解鎖使用一次,
2023/12/23 下午 5:52:29,女,18–25歲,大學,無收入,學生,鴻蒙,"搖滾, 重金屬, 爵士","娛樂時, 讀書時",Youtube,沒有使用付費平台,mp3音箱插隨身碟,一小時以下,4,4,2,100以下,4,4,2,3,5,4,4,4,4,4,4,4,4,4,4,4,100以下,
2023/12/23 下午 5:52:43,女,18–25歲,大學,10000元以下,學生,ios,"流行, 獨立樂團, 抒情","睡前, 工作時, 放鬆時, 娛樂時",Youtube,Youtube music,"手機APP, 網頁",四到五小時,5,5,1,100以下,5,4,2,3,4,3,3,4,4,4,5,3,4,4,4,5,200以下,
2023/12/23 下午 6:01:47,女,36–45歲,研究所(含)以上,50001-60000元,軍公教,ios,"流行, 抒情","開車時, 放鬆時, 娛樂時",Youtube,沒有使用付費平台,手機APP,一小時以下,5,4,1,100以下,1,1,1,1,5,5,1,2,2,5,5,1,1,1,1,1,看30秒廣告解鎖使用一次,
2023/12/23 下午 6:04:14,女,18–25歲,大學,無收入,學生,ios,"搖滾, 獨立樂團","起床時, 吃飯時, 洗澡時, 睡前",Youtube,KKBOX,手機APP,三到四小時,4,4,2,200以下,3,2,3,4,4,4,4,4,4,4,4,4,4,4,4,4,200以下,
2023/12/23 下午 6:05:26,女,18–25歲,大學,10000元以下,學生,ios,"流行, 獨立樂團, Lofi","睡前, 工作時, 開車時, 放鬆時, 娛樂時","Youtube, 習慣以付費串流平台聽音樂","Spotify, AppleMusic","手機APP, 網頁",三到四小時,4,5,4,100以下,5,3,1,5,3,4,4,1,1,2,3,1,2,3,4,5,200以下,
2023/12/23 下午 6:05:51,男,18–25歲,大學,10000元以下,學生,ios,"流行, 搖滾",放鬆時,Youtube,沒有使用付費平台,"手機APP, 電腦軟體",五小時以上,4,4,1,100以下,4,2,1,4,4,4,2,1,1,1,1,2,4,1,2,4,200以下,
2023/12/23 下午 6:07:40,女,18–25歲,大學,10000元以下,學生,安卓,流行,"洗澡時, 放鬆時, 娛樂時","Youtube, 習慣以付費串流平台聽音樂","Spotify, KKBOX","手機APP, 電腦軟體",一到二小時,5,5,4,100以下,4,3,1,3,5,4,3,3,3,4,4,1,4,3,3,4,看30秒廣告解鎖使用一次,
2023/12/23 下午 6:20:28,女,18–25歲,大學,10000元以下,學生,安卓,"流行, 古典","工作時, 放鬆時, 娛樂時",Youtube,沒有使用付費平台,"手機APP, 網頁",一到二小時,5,5,1,不願意,1,1,1,1,1,1,1,1,1,1,1,1,1,1,1,1,沒興趣,
2023/12/23 下午 6:55:16,女,18歲(不含)以下,國中,10000元以下,學生,ios,"流行, 古典, 抒情","起床時, 吃飯時, 洗澡時, 睡前, 工作時, 開車時, 放鬆時, 娛樂時",習慣以付費串流平台聽音樂,Spotify,"手機APP, 網頁",二到三小時,3,5,1,不願意,1,5,1,2,3,3,1,3,3,4,4,1,1,1,2,1,看30秒廣告解鎖使用一次,無
2023/12/23 下午 6:58:40,男,18–25歲,大學,無收入,學生,安卓,"流行, 搖滾, 重金屬, 古典, 抒情","吃飯時, 洗澡時, 睡前, 放鬆時, 娛樂時",Youtube,沒有使用付費平台,"手機APP, 網頁",四到五小時,5,5,1,不願意,4,3,1,1,1,1,1,1,1,3,4,1,1,1,1,1,沒興趣,
2023/12/23 下午 7:14:57,男,18–25歲,大學,10000元以下,學生,安卓,"流行, 搖滾, 電音","洗澡時, 開車時, 放鬆時, 娛樂時","Youtube, MixerBox",沒有使用付費平台,手機APP,三到四小時,5,5,1,100以下,1,1,1,3,3,3,1,4,5,3,3,1,3,3,3,4,100以下,
2023/12/23 下午 7:15:13,男,18歲(不含)以下,國小(含)以下,無收入,學生,安卓,"流行, 搖滾, 獨立樂團, 電音","起床時, 洗澡時, 開車時, 娛樂時","Youtube, 下載成mp3聆聽",沒有使用付費平台,手機APP,一小時以下,1,4,2,不願意,3,4,1,1,1,3,1,1,1,2,3,1,3,3,2,1,看30秒廣告解鎖使用一次,
2023/12/23 下午 7:19:02,女,56–65歲,大學,60001元以上,製造業,ios,抒情,"起床時, 洗澡時, 放鬆時",Youtube,Spotify,手機APP,一到二小時,4,4,1,100以下,2,1,1,1,3,1,1,1,1,1,1,1,1,1,1,1,沒興趣,
2023/12/23 下午 7:20:57,男,18歲(不含)以下,國中,無收入,學生,安卓,"流行, 獨立樂團, 古典, 爵士","放鬆時, 娛樂時",Youtube,沒有使用付費平台,手機APP,一小時以下,3,3,1,不願意,4,4,2,3,1,3,3,3,3,3,3,3,3,3,3,3,看30秒廣告解鎖使用一次,
2023/12/23 下午 7:23:34,女,18歲(不含)以下,國小(含)以下,無收入,學生,安卓,"流行, 電音","放鬆時, 娛樂時",Youtube,Youtube music,手機APP,沒有,4,5,1,不願意,3,4,1,4,1,2,2,2,1,2,2,2,2,2,3,2,沒興趣,
2023/12/23 下午 7:28:00,男,18歲(不含)以下,國中,無收入,學生,安卓,"流行, 電音, 重金屬, 抒情","起床時, 工作時, 放鬆時, 娛樂時",Youtube,Spotify,手機APP,三到四小時,5,5,3,不願意,1,1,1,1,5,5,4,1,1,1,2,1,2,3,1,2,100以下,
2023/12/23 下午 7:39:27,女,18–25歲,大學,10000元以下,學生,安卓,"流行, 搖滾, 獨立樂團, Lofi, 爵士","工作時, 開車時, 放鬆時",Youtube,沒有使用付費平台,"手機APP, 網頁",一到二小時,5,5,2,200以下,5,5,3,4,5,5,4,5,4,4,4,3,5,4,4,4,看30秒廣告解鎖使用一次,
2023/12/23 下午 7:42:53,女,18–25歲,大學,10000元以下,學生,ios,"獨立樂團, 抒情",工作時,Youtube,沒有使用付費平台,"手機APP, 電腦軟體",一小時以下,4,5,1,100以下,3,2,1,4,1,3,1,3,2,3,3,1,2,3,3,3,100以下,
2023/12/23 下午 7:53:35,男,18–25歲,高中(職),10000元以下,軍公教,安卓,"搖滾, 電音",隨時，想聽就聽,"Youtube, Bili Bili, 下載成mp3聆聽",Youtube music,"手機APP, 電腦軟體",五小時以上,5,5,1,100以下,3,4,1,1,1,3,3,5,5,5,5,3,1,3,4,4,看30秒廣告解鎖使用一次,
2023/12/23 下午 8:11:01,女,18–25歲,大學,10001–20000元,學生,ios,"流行, 抒情","放鬆時, 娛樂時",Youtube,"Youtube music, KKBOX",手機APP,一到二小時,4,5,1,200以下,3,4,1,3,1,1,1,1,1,3,3,1,3,4,4,4,看30秒廣告解鎖使用一次,
2023/12/23 下午 8:14:08,女,18–25歲,高中(職),無收入,學生,安卓,"流行, 搖滾","睡前, 放鬆時, 娛樂時",Youtube,沒有使用付費平台,手機APP,一小時以下,5,5,3,100以下,4,3,2,3,1,1,1,3,3,3,3,2,4,4,3,3,看30秒廣告解鎖使用一次,
2023/12/23 下午 8:22:43,男,18–25歲,大學,10001–20000元,學生,安卓,"流行, 搖滾, 電音, Lofi, 古典, 爵士","工作時, 開車時, 放鬆時, 娛樂時","Youtube, 下載成mp3聆聽",沒有使用付費平台,"手機APP, 網頁",三到四小時,4,4,2,不願意,4,4,2,4,3,3,3,4,3,3,3,1,2,3,2,2,沒興趣,
2023/12/23 下午 8:45:53,男,18–25歲,大學,10001–20000元,學生,ios,"流行, 搖滾, 重金屬, Lofi, 抒情","起床時, 洗澡時, 工作時, 開車時, 放鬆時, 娛樂時","Youtube, 下載成mp3聆聽",沒有使用付費平台,"手機APP, 網頁, 電腦軟體",一到二小時,5,5,1,300以下,5,1,1,1,5,5,5,4,5,5,5,3,1,4,5,4,500以下,
2023/12/23 下午 8:53:56,男,18歲(不含)以下,國小(含)以下,無收入,學生,ios,流行,"放鬆時, 娛樂時",Youtube,沒有使用付費平台,手機APP,一小時以下,3,3,3,不願意,3,3,5,1,3,3,1,3,3,3,3,3,3,3,3,3,看30秒廣告解鎖使用一次,
2023/12/23 下午 8:55:45,男,18–25歲,大學,10001–20000元,學生,ios,抒情,"睡前, 放鬆時, 娛樂時",Youtube,沒有使用付費平台,"手機APP, 網頁",二到三小時,4,4,2,不願意,1,2,1,2,1,1,1,1,1,1,4,1,1,1,1,1,看30秒廣告解鎖使用一次,
2023/12/23 下午 8:58:43,男,26–35歲,研究所(含)以上,60001元以上,電子業,ios,"古典, 抒情, 爵士","睡前, 開車時, 娛樂時",Youtube,Youtube music,手機APP,一到二小時,5,2,1,300以下,4,4,1,4,1,3,1,3,3,3,3,3,4,4,4,4,400以下,
2023/12/23 下午 8:58:49,男,18歲(不含)以下,國小(含)以下,10000元以下,學生,安卓,"流行, 搖滾, 獨立樂團, 電音, 重金屬, 抒情, 爵士","開車時, 放鬆時, 娛樂時","Youtube, 習慣以付費串流平台聽音樂","Spotify, Youtube music, Line Music","手機APP, 網頁, 電腦軟體",一小時以下,3,4,1,100以下,3,3,2,1,3,3,3,4,4,5,5,2,4,3,3,4,看30秒廣告解鎖使用一次,
2023/12/23 下午 9:19:37,男,18–25歲,高中(職),無收入,學生,ios,流行,娛樂時,Youtube,AppleMusic,"手機APP, 電腦軟體",五小時以上,5,2,1,300以下,3,4,1,2,1,1,1,3,3,3,3,1,2,3,2,2,300以下,
2023/12/23 下午 9:20:27,女,18–25歲,大學,20001–30000元,學生,安卓,"流行, 抒情","開車時, 放鬆時, 娛樂時, 出門前整理東西、儀容時",Youtube,沒有使用付費平台,網頁,一小時以下,3,1,4,不願意,4,3,2,2,1,3,3,1,1,1,4,1,1,1,1,1,沒興趣,
2023/12/23 下午 9:31:32,女,18–25歲,大學,10000元以下,學生,ios,"流行, 搖滾, 抒情","睡前, 放鬆時, 娛樂時",Youtube,沒有使用付費平台,"手機APP, 網頁",一小時以下,3,3,1,100以下,1,2,1,1,1,1,1,1,2,1,2,1,1,1,1,1,沒興趣,
2023/12/23 下午 9:40:06,男,18歲(不含)以下,國中,無收入,學生,ios,"流行, 搖滾, 電音","放鬆時, 娛樂時","Youtube, Bili Bili",沒有使用付費平台,手機APP,一小時以下,4,4,3,300以下,3,1,1,1,1,1,1,3,3,4,4,1,1,1,4,1,看30秒廣告解鎖使用一次,新德意志帝國進行公投後派代表來填寫的：要錢的不接受，就算能免費一個月也不接受
2023/12/23 下午 10:07:37,男,18歲(不含)以下,研究所(含)以上,無收入,學生,ios,流行,娛樂時,spotify,Spotify,手機APP,一小時以下,5,4,1,不願意,5,5,3,3,5,3,1,1,5,1,5,1,1,5,5,5,看30秒廣告解鎖使用一次,
2023/12/23 下午 10:13:11,男,18–25歲,國中,無收入,學生,安卓,搖滾,娛樂時,用yee muzic,沒有使用付費平台,智慧音箱(HomePod、小米智能音箱),二到三小時,3,4,1,不願意,3,5,2,3,1,3,1,3,4,5,4,1,3,5,3,3,看30秒廣告解鎖使用一次,
2023/12/23 下午 10:43:52,男,18–25歲,大學,10000元以下,待業,ios,"搖滾, 重金屬","起床時, 吃飯時, 睡前, 開車時, 放鬆時, 娛樂時","Youtube, 習慣以付費串流平台聽音樂",AppleMusic,"手機APP, 電腦軟體",三到四小時,5,5,1,300以下,5,5,1,3,4,2,1,1,1,3,1,1,4,3,3,3,沒興趣,
2023/12/23 下午 11:09:02,女,18–25歲,大學,10000元以下,學生,安卓,"流行, 抒情","睡前, 放鬆時, 娛樂時",Youtube,沒有使用付費平台,手機APP,一小時以下,3,2,2,100以下,3,4,1,3,1,2,1,4,3,4,5,3,4,4,4,5,看30秒廣告解鎖使用一次,
2023/12/23 下午 11:30:42,女,18–25歲,大學,無收入,學生,安卓,"流行, 搖滾, 電音, 抒情","開車時, 放鬆時, 娛樂時",Youtube,沒有使用付費平台,"手機APP, 網頁, 電腦軟體",二到三小時,5,5,1,不願意,3,5,1,1,1,1,1,2,2,3,3,1,1,2,2,5,看30秒廣告解鎖使用一次,
2023/12/23 下午 11:38:01,女,18–25歲,大學,10001–20000元,學生,ios,"流行, 抒情","睡前, 放鬆時, 娛樂時",Youtube,沒有使用付費平台,手機APP,一小時以下,4,4,2,300以下,4,3,2,4,1,3,1,3,3,4,3,1,3,3,3,3,300以下,
2023/12/23 下午 11:47:24,男,36–45歲,大學,40001–50000元,服務業,鴻蒙,"獨立樂團, 爵士","起床時, 開車時",習慣以付費串流平台聽音樂,KKBOX,電腦軟體,一到二小時,4,4,2,300以下,4,4,4,4,4,4,3,4,4,4,4,3,4,4,4,4,500以下,
2023/12/23 下午 11:52:11,男,18–25歲,研究所(含)以上,10001–20000元,學生,ios,流行,"吃飯時, 洗澡時, 睡前, 工作時, 開車時, 放鬆時, 娛樂時","Youtube, 習慣以付費串流平台聽音樂",Youtube music,"手機APP, 網頁",五小時以上,5,3,1,100以下,4,1,1,4,2,3,3,3,2,5,4,1,4,5,5,5,300以下,
2023/12/24 上午 12:24:30,女,18–25歲,大學,10000元以下,學生,ios,流行,放鬆時,"Youtube, Bili Bili",Spotify,手機APP,一小時以下,4,1,1,不願意,3,2,1,4,1,1,1,2,1,3,3,1,4,5,4,4,100以下,
2023/12/24 上午 12:41:59,女,18–25歲,大學,10001–20000元,學生,ios,"流行, 抒情","洗澡時, 開車時, 放鬆時","Youtube, 習慣以付費串流平台聽音樂",KKBOX,"手機APP, 網頁",二到三小時,5,5,1,200以下,4,3,1,3,1,3,1,3,2,4,5,2,4,5,4,4,300以下,
2023/12/24 上午 12:45:30,女,18–25歲,大學,10001–20000元,學生,安卓,獨立樂團,"睡前, 工作時, 放鬆時, 娛樂時","Youtube, SoundCloud",沒有使用付費平台,"手機APP, 網頁",四到五小時,3,1,1,100以下,1,1,1,1,2,3,1,1,1,1,5,1,2,1,1,5,100以下,如果是我的話，雖然沒在彈鋼琴也不想彈鋼琴，但我會對自動生成鋼琴版本的服務有興趣
2023/12/24 上午 1:00:56,其他,65歲以上,研究所(含)以上,60001元以上,其他,沒手機,"流行, 搖滾, 獨立樂團, 電音, 重金屬, Lofi, 古典, 抒情, 爵士","起床時, 吃飯時, 洗澡時, 睡前, 工作時, 開車時, 放鬆時, 娛樂時","Youtube, Bili Bili, 騰訊視頻, 下載成mp3聆聽, 習慣以付費串流平台聽音樂","Spotify, Youtube music, AppleMusic, KKBOX, Line Music, MOOV, TIDAL, 沒有使用付費平台","手機APP, 網頁, 電腦軟體, 智慧音箱(HomePod、小米智能音箱), mp3音箱插隨身碟, 無",五小時以上,5,5,5,不願意,5,5,5,5,1,1,1,1,1,1,1,1,1,1,1,1,沒興趣,
2023/12/24 上午 1:26:43,男,18–25歲,大學,10000元以下,學生,安卓,"流行, 獨立樂團, 重金屬","吃飯時, 開車時, 娛樂時",Youtube,沒有使用付費平台,"手機APP, 網頁",二到三小時,5,5,1,100以下,5,5,5,5,3,3,3,4,4,4,4,3,5,5,5,5,看30秒廣告解鎖使用一次,
2023/12/24 上午 1:32:51,女,26–35歲,大學,10000元以下,待業,安卓,"流行, 古典, 抒情","睡前, 工作時, 開車時, 放鬆時","Youtube, Bili Bili, 下載成mp3聆聽",沒有使用付費平台,"手機APP, 網頁, 電腦軟體",一小時以下,4,5,2,不願意,4,2,1,3,1,3,3,3,3,4,3,2,3,4,4,4,看30秒廣告解鎖使用一次,
2023/12/24 上午 1:40:00,女,18–25歲,大學,10001–20000元,學生,ios,流行,"起床時, 洗澡時","Youtube, 習慣以付費串流平台聽音樂","Spotify, AppleMusic",手機APP,一小時以下,4,4,1,100以下,3,2,1,2,1,2,1,2,1,1,4,4,4,4,4,4,100以下,
2023/12/24 上午 2:34:37,男,26–35歲,研究所(含)以上,60001元以上,電子業,安卓,"流行, 搖滾, 獨立樂團, Lofi","工作時, 開車時",習慣以付費串流平台聽音樂,Spotify,"手機APP, 電腦軟體",二到三小時,5,4,1,200以下,4,4,1,5,3,4,5,3,3,3,3,1,2,4,3,4,200以下,
2023/12/24 上午 2:42:20,女,18–25歲,大學,無收入,學生,ios,"流行, Lofi, 抒情, R&B K-POP","工作時, 開車時, 放鬆時, 娛樂時",Youtube,使用Spotify 但是無付費,"手機APP, 電腦軟體",三到四小時,5,5,4,100以下,3,3,1,3,4,4,4,3,3,4,4,2,3,2,3,3,沒興趣,
2023/12/24 上午 8:12:28,女,46–55歲,高中(職),60001元以上,金融保險業,ios,"流行, 抒情",開車時,下載成mp3聆聽,沒有使用付費平台,mp3音箱插隨身碟,一小時以下,3,5,1,500以上,3,3,1,3,3,3,3,4,4,4,4,4,4,4,4,4,500以下,
2023/12/24 上午 9:28:05,女,26–35歲,大學,40001–50000元,軍公教,ios,"流行, 獨立樂團, 古典, 抒情","工作時, 放鬆時",Youtube,Youtube music,"手機APP, 智慧音箱(HomePod、小米智能音箱)",一到二小時,4,5,1,200以下,2,2,1,1,1,1,1,1,1,1,1,1,1,1,1,1,沒興趣,
2023/12/24 上午 9:28:27,男,56–65歲,研究所(含)以上,60001元以上,金融保險業,安卓,"古典, 抒情","開車時, 放鬆時, 娛樂時",Youtube,沒有使用付費平台,"手機APP, 電腦軟體",一到二小時,5,1,1,不願意,5,4,4,4,3,3,3,5,5,5,5,3,3,3,4,5,看30秒廣告解鎖使用一次,
2023/12/24 上午 9:43:16,男,18–25歲,高中(職),10000元以下,學生,安卓,"流行, 搖滾, Lofi, 古典, 抒情, 爵士","放鬆時, 娛樂時",Youtube,沒有使用付費平台,網頁,一到二小時,4,2,2,不願意,2,2,1,1,2,3,3,1,1,1,1,1,1,1,1,1,沒興趣,無
2023/12/24 上午 10:21:25,女,56–65歲,大學,30001–40000元,營造業,ios,古典,放鬆時,Youtube,沒有使用付費平台,手機APP,二到三小時,3,5,1,不願意,5,5,1,5,1,1,1,5,5,5,5,3,3,5,5,5,200以下,學習需要有固定的休閒時間，才能持續。謝謝您
2023/12/24 上午 11:18:07,男,18–25歲,大學,無收入,學生,ios,"流行, 搖滾, 獨立樂團, 爵士","睡前, 工作時, 放鬆時, 娛樂時","Youtube, Bili Bili","Spotify, Youtube music","手機APP, 網頁",一到二小時,1,1,2,100以下,3,3,1,3,4,3,2,2,2,2,2,1,3,3,3,1,300以下,
2023/12/24 下午 12:07:55,男,18歲(不含)以下,國小(含)以下,無收入,學生,安卓,"流行, 搖滾, 電音, 重金屬, 抒情","洗澡時, 睡前, 娛樂時","Youtube, 汽水音樂     (中國翻牆)","沒有使用付費平台, ",手機APP,一小時以下,5,3,1,不願意,3,2,1,1,1,1,1,3,3,3,3,1,1,1,1,1,沒興趣,沒興趣
2023/12/24 下午 12:08:34,女,18–25歲,大學,10000元以下,學生,ios,"流行, 搖滾, 獨立樂團","放鬆時, 娛樂時, 寫作業時","Youtube, Bili Bili","沒有使用付費平台, 很窮","手機APP, 網頁",四到五小時,5,5,1,不願意,3,4,1,1,1,3,1,4,2,5,3,2,5,5,1,1,看30秒廣告解鎖使用一次,
2023/12/24 下午 12:13:53,女,56–65歲,大學,無收入,家管,安卓,"流行, 古典, 抒情, 爵士","洗澡時, 睡前, 工作時",Youtube,KKBOX,"手機APP, mp3音箱插隨身碟",一到二小時,5,5,1,100以下,5,1,1,1,5,4,3,5,5,5,5,2,5,3,2,2,100以下,
2023/12/24 下午 12:37:21,女,18歲(不含)以下,高中(職),10000元以下,學生,ios,"流行, 抒情","起床時, 吃飯時, 洗澡時, 睡前, 放鬆時, 娛樂時","Youtube, 下載成mp3聆聽",沒有使用付費平台,"手機APP, 網頁",五小時以上,5,5,3,不願意,5,3,1,5,1,3,1,4,1,5,2,1,3,4,4,3,沒興趣,沒有
2023/12/24 下午 12:41:29,男,18歲(不含)以下,國小(含)以下,10001–20000元,學生,安卓,"流行, 獨立樂團, 重金屬","放鬆時, 娛樂時",Youtube,"Spotify, AppleMusic, MOOV",手機APP,一小時以下,5,3,2,200以下,5,4,2,1,5,5,3,4,3,4,3,2,4,4,3,4,200以下,
2023/12/24 下午 12:50:16,男,18歲(不含)以下,國小(含)以下,10000元以下,學生,安卓,"流行, 獨立樂團, 電音","放鬆時, 娛樂時",Youtube,"Spotify, Youtube music, KKBOX, Line Music","手機APP, 電腦軟體",一小時以下,5,4,2,100以下,4,3,3,4,3,2,5,3,4,5,5,3,2,4,4,3,100以下,很好
2023/12/24 下午 12:52:37,男,18歲(不含)以下,國小(含)以下,10000元以下,學生,安卓,"流行, 搖滾, 電音, 重金屬","放鬆時, 娛樂時","Youtube, 騰訊視頻","Spotify, KKBOX, TIDAL",手機APP,一小時以下,4,3,2,100以下,4,4,3,3,4,4,3,4,3,4,4,3,4,4,3,3,100以下,
2023/12/24 下午 1:00:14,女,26–35歲,大學,40001–50000元,軍公教,ios,"流行, 抒情","起床時, 工作時, 開車時, 放鬆時",習慣以付費串流平台聽音樂,Youtube music,"手機APP, 網頁",一到二小時,3,5,1,200以下,4,4,2,5,1,3,3,4,2,4,4,1,4,4,5,5,200以下,
2023/12/24 下午 1:18:52,女,26–35歲,大學,30001–40000元,商業,ios,流行,"工作時, 放鬆時, 娛樂時",Youtube,沒有使用付費平台,"手機APP, 網頁",一到二小時,1,3,1,不願意,4,3,3,3,1,3,3,3,3,3,3,3,3,3,3,3,100以下,
2023/12/24 下午 1:52:17,男,56–65歲,研究所(含)以上,60001元以上,軍公教,安卓,"Lofi, 古典","開車時, 放鬆時",下載成mp3聆聽,沒有使用付費平台,手機APP,一到二小時,4,2,1,100以下,5,4,3,4,4,3,4,3,4,5,5,3,5,4,4,4,200以下,
2023/12/24 下午 1:57:07,男,56–65歲,研究所(含)以上,60001元以上,軍公教,安卓,佛教音樂,"睡前, 放鬆時",Youtube,沒有使用付費平台,電腦軟體,一到二小時,5,4,1,200以下,5,4,2,4,4,5,4,4,4,4,5,2,5,4,5,5,200以下,
2023/12/24 下午 2:00:50,男,18歲(不含)以下,國中,無收入,學生,安卓,"流行, Lofi","睡前, 放鬆時",Youtube,沒有使用付費平台,手機APP,一到二小時,4,2,5,100以下,4,4,2,5,5,4,4,5,4,5,4,1,3,4,4,5,100以下,
2023/12/24 下午 2:04:33,女,18歲(不含)以下,國中,無收入,學生,安卓,"流行, Lofi, 抒情","洗澡時, 睡前, 放鬆時",Youtube,沒有使用付費平台,手機APP,一到二小時,5,5,1,100以下,5,4,3,4,4,4,4,5,4,5,5,1,3,4,4,5,100以下,
2023/12/24 下午 2:09:12,男,18–25歲,大學,30001–40000元,軍公教,安卓,"流行, Lofi, 古典, 抒情","吃飯時, 洗澡時, 睡前, 放鬆時",下載成mp3聆聽,沒有使用付費平台,電腦軟體,二到三小時,4,4,1,200以下,4,3,2,4,5,4,4,4,3,4,4,2,4,4,4,4,200以下,
2023/12/24 下午 2:40:47,男,18歲(不含)以下,國中,無收入,學生,沒手機,"流行, 電音","放鬆時, 娛樂時",Youtube,沒有使用付費平台,手機APP,一小時以下,5,3,1,100以下,3,3,2,3,1,1,1,3,3,3,4,2,4,4,4,4,100以下,無
2023/12/24 下午 3:01:57,男,26–35歲,大學,10001–20000元,金融保險業,ios,"流行, 搖滾, 獨立樂團, 抒情","開車時, 放鬆時",Youtube,Youtube music,"手機APP, 網頁",一到二小時,5,5,1,100以下,3,2,1,2,4,4,4,4,4,4,4,2,4,4,4,4,100以下,
2023/12/24 下午 3:22:57,女,18–25歲,大學,10000元以下,學生,ios,"流行, 搖滾, 獨立樂團","起床時, 吃飯時, 洗澡時, 睡前, 工作時, 開車時, 放鬆時, 娛樂時","Youtube, 習慣以付費串流平台聽音樂","AppleMusic, KKBOX",手機APP,五小時以上,5,5,1,300以下,5,5,5,5,5,4,2,3,4,4,4,3,5,5,5,5,300以下,
2023/12/24 下午 3:41:24,男,18–25歲,大學,10001–20000元,學生,ios,流行,"工作時, 開車時, 放鬆時, 娛樂時",習慣以付費串流平台聽音樂,"Spotify, Youtube music",手機APP,一到二小時,5,5,1,100以下,4,3,1,3,1,3,3,2,2,4,3,2,4,3,3,4,看30秒廣告解鎖使用一次,
2023/12/24 下午 3:44:14,男,36–45歲,大學,40001–50000元,軍公教,ios,"Lofi, 古典, 抒情","吃飯時, 娛樂時","Youtube, 下載成mp3聆聽",沒有使用付費平台,"手機APP, 電腦軟體, mp3音箱插隨身碟",二到三小時,4,4,1,100以下,5,4,2,3,5,4,3,4,4,5,5,2,4,4,4,5,200以下,
2023/12/24 下午 5:09:13,男,18–25歲,大學,50001-60000元,軍公教,安卓,流行,洗澡時,Youtube,Youtube music,手機APP,一小時以下,3,4,4,100以下,2,2,1,2,1,,,1,1,1,1,1,1,2,1,1,看30秒廣告解鎖使用一次,
2023/12/24 下午 5:19:40,男,46–55歲,研究所(含)以上,50001-60000元,金融保險業,ios,"Lofi, 古典, 抒情","吃飯時, 洗澡時, 放鬆時",Youtube,沒有使用付費平台,手機APP,一到二小時,5,3,1,100以下,3,3,2,4,4,4,3,3,4,5,5,2,2,2,4,5,200以下,
2023/12/24 下午 5:23:25,女,18歲(不含)以下,國中,無收入,學生,安卓,"流行, Lofi","吃飯時, 洗澡時, 娛樂時",下載成mp3聆聽,沒有使用付費平台,mp3音箱插隨身碟,一小時以下,4,3,4,100以下,5,4,3,4,4,4,4,4,4,5,5,2,4,3,4,5,100以下,
2023/12/24 下午 5:29:09,女,36–45歲,研究所(含)以上,50001-60000元,軍公教,ios,"流行, 抒情","吃飯時, 娛樂時",下載成mp3聆聽,Youtube music,智慧音箱(HomePod、小米智能音箱),一到二小時,4,4,2,300以下,4,4,2,4,4,4,4,4,4,5,5,4,4,4,4,4,400以下,
2023/12/24 下午 5:36:07,女,56–65歲,研究所(含)以上,40001–50000元,軍公教,安卓,流行,開車時,Youtube,沒有使用付費平台,手機APP,一小時以下,5,5,2,200以下,4,2,1,3,1,,,1,1,3,3,3,3,3,2,3,沒興趣,比較喜歡真人或真實情境的互動，較有溫度。
2023/12/24 下午 6:35:16,男,18–25歲,研究所(含)以上,10000元以下,學生,安卓,"流行, 搖滾, 獨立樂團, 古典, 抒情, 爵士","放鬆時, 娛樂時","Youtube, 下載成mp3聆聽",沒有使用付費平台,"網頁, 電腦軟體",二到三小時,5,1,1,100以下,3,1,1,1,1,,,1,1,3,5,3,3,3,1,2,沒興趣,
2023/12/24 下午 6:44:46,女,18–25歲,高中(職),無收入,學生,安卓,Phonk,"洗澡時, 放鬆時, 娛樂時",Spotify,Spotify,"手機APP, 智慧音箱(HomePod、小米智能音箱)",五小時以上,5,5,5,500以下,3,5,1,1,1,,,1,1,3,3,1,2,2,1,3,500以下,
2023/12/24 下午 6:54:41,男,18歲(不含)以下,國小(含)以下,無收入,學生,ios,"流行, 搖滾","開車時, 放鬆時, 娛樂時",Youtube,Spotify,手機APP,二到三小時,5,2,1,不願意,5,5,1,4,1,,,4,3,4,4,1,2,2,4,5,看30秒廣告解鎖使用一次,
2023/12/24 下午 7:10:01,女,18歲(不含)以下,國中,無收入,學生,安卓,流行,娛樂時,習慣以付費串流平台聽音樂,Spotify,手機APP,一小時以下,5,5,5,不願意,3,5,2,2,1,,,3,4,5,5,5,4,5,4,5,看30秒廣告解鎖使用一次,cool 😎
2023/12/24 下午 8:39:28,女,36–45歲,大學,40001–50000元,軍公教,安卓,流行,工作時,Youtube,沒有使用付費平台,網頁,五小時以上,1,1,1,不願意,1,1,1,1,1,1,1,1,1,1,1,1,1,1,1,1,沒興趣,
2023/12/24 下午 9:33:49,男,18–25歲,大學,10001–20000元,學生,ios,"流行, 電音, 抒情","洗澡時, 工作時, 放鬆時",習慣以付費串流平台聽音樂,Spotify,"手機APP, 網頁",一到二小時,4,4,1,100以下,3,1,1,2,1,,,4,3,3,3,1,1,1,2,2,沒興趣,
2023/12/24 下午 10:10:29,男,18歲(不含)以下,國小(含)以下,10000元以下,學生,ios,"流行, 搖滾, 電音",工作時,Youtube,Youtube music,手機APP,一小時以下,4,5,5,400以下,3,3,1,2,2,3,1,4,5,5,4,1,2,4,5,3,300以下,
2023/12/24 下午 11:45:36,男,18–25歲,大學,10000元以下,學生,ios,流行,"起床時, 洗澡時, 工作時, 放鬆時, 娛樂時",習慣以付費串流平台聽音樂,Youtube music,手機APP,二到三小時,5,5,1,100以下,3,3,3,3,5,5,5,3,3,3,3,2,4,4,5,5,100以下,
2023/12/25 上午 12:44:48,女,18–25歲,大學,10000元以下,學生,ios,"流行, 獨立樂團","睡前, 放鬆時, 娛樂時",習慣以付費串流平台聽音樂,"Spotify, Youtube music","手機APP, 網頁, 電腦軟體",二到三小時,4,4,2,100以下,2,4,1,3,1,,,4,2,4,4,3,3,4,3,3,100以下,
2023/12/25 上午 1:09:29,男,36–45歲,高中(職),50001-60000元,農林漁牧業,安卓,"流行, 動漫OPED、電玩BGM、電影原聲帶算哪種風格？","工作時, 開車時",下載成mp3聆聽,"沒有使用付費平台, 實體CD算平台嗎？","手機APP, 車機插隨身碟或CD",三到四小時,3,5,1,100以下,3,2,1,2,1,,,4,3,3,3,1,4,4,4,3,300以下,
2023/12/25 上午 1:39:22,女,18–25歲,高中(職),無收入,學生,ios,"流行, 搖滾, 獨立樂團","起床時, 睡前, 工作時, 開車時, 放鬆時, 娛樂時","Youtube, Bili Bili",沒有使用付費平台,"手機APP, 網頁",二到三小時,5,5,1,100以下,4,3,2,4,1,,,4,3,4,2,2,4,4,4,2,看30秒廣告解鎖使用一次,
2023/12/25 上午 1:41:26,男,18–25歲,大學,10000元以下,學生,安卓,"流行, 搖滾, 抒情","放鬆時, 娛樂時",Youtube,Youtube music,"手機APP, 網頁",一到二小時,4,3,2,100以下,4,4,1,2,3,4,3,2,2,2,3,2,3,4,4,4,200以下,
2023/12/25 上午 1:43:32,男,26–35歲,大學,60001元以上,醫務人員,ios,"流行, 古典, 爵士","開車時, 放鬆時, 娛樂時",Youtube,Youtube music,網頁,一小時以下,4,5,3,100以下,3,2,1,2,1,,,4,3,3,4,3,3,3,3,3,200以下,沒有
2023/12/25 上午 1:50:14,男,18–25歲,大學,10001–20000元,學生,安卓,"流行, 搖滾, 獨立樂團, 重金屬","睡前, 開車時, 放鬆時","Youtube, 習慣以付費串流平台聽音樂","Spotify, Youtube music","手機APP, 網頁, 電腦軟體",一到二小時,5,5,1,200以下,5,5,4,4,2,,,3,3,4,4,1,5,4,5,2,300以下,哪來了這種好康軟體
2023/12/25 上午 2:38:21,男,18–25歲,大學,30001–40000元,服務業,安卓,"流行, 搖滾, 獨立樂團, 古典, 抒情, 爵士","吃飯時, 工作時, 放鬆時, 娛樂時",習慣以付費串流平台聽音樂,"Spotify, Youtube music","手機APP, 網頁",五小時以上,3,5,1,100以下,3,4,1,1,5,3,3,1,1,1,1,1,1,1,1,1,沒興趣,
2023/12/25 上午 2:42:41,男,18–25歲,大學,10000元以下,學生,ios,"流行, 搖滾, 獨立樂團, 抒情","起床時, 吃飯時, 洗澡時, 睡前, 放鬆時, 娛樂時","Youtube, Bili Bili, 習慣以付費串流平台聽音樂","Spotify, Youtube music","手機APP, 網頁, 電腦軟體, 智慧音箱(HomePod、小米智能音箱)",三到四小時,4,5,3,100以下,3,2,2,2,1,,,2,3,4,4,4,2,2,2,4,看30秒廣告解鎖使用一次,"有一題的螢幕 打成 螢幕了，我個人認為這種系列願意買單的群組比較少一些，一方面是本身要對吉他有興趣 + VT ，整體而言我覺得滿難做成功的，如果都是廣告的話我覺得滿多人願意買單的，我個人認為會是 比較偏向""次數"" ， 而不是月付的"
2023/12/25 上午 2:44:36,女,26–35歲,研究所(含)以上,10001–20000元,自由業,ios,流行,"放鬆時, 娛樂時","Youtube, Bili Bili",沒有使用付費平台,"手機APP, 網頁",一小時以下,3,1,1,不願意,3,1,1,3,1,,,1,1,4,3,2,1,1,3,3,看30秒廣告解鎖使用一次,
2023/12/25 上午 3:06:44,男,26–35歲,大學,30001–40000元,商業,安卓,"流行, 抒情","放鬆時, 娛樂時","Youtube, 下載成mp3聆聽",沒有使用付費平台,"手機APP, 網頁, 電腦軟體",一到二小時,3,1,1,不願意,2,1,1,1,1,,,3,4,3,4,1,1,1,1,1,沒興趣,
2023/12/25 上午 3:11:33,男,18–25歲,大學,無收入,學生,安卓,"流行, 搖滾, 古典, 抒情","放鬆時, 娛樂時","Youtube, 下載成mp3聆聽",沒有使用付費平台,手機APP,一小時以下,4,4,1,100以下,3,3,1,3,3,3,2,3,3,4,5,3,3,3,4,3,200以下,
2023/12/25 上午 3:15:51,男,18–25歲,大學,10000元以下,學生,安卓,"流行, 搖滾, 電音, Lofi, 古典, 爵士","工作時, 開車時, 放鬆時","Youtube, spotify 免費仔",沒有使用付費平台,網頁,二到三小時,5,5,4,100以下,4,4,1,2,4,4,4,5,5,5,3,2,5,4,4,4,200以下,
2023/12/25 上午 3:46:05,男,18–25歲,高中(職),無收入,學生,ios,流行,"睡前, 放鬆時, 娛樂時",Youtube,Spotify,"手機APP, 電腦軟體",一小時以下,5,5,1,200以下,3,3,1,1,1,,,3,3,4,3,2,2,3,3,3,200以下,
2023/12/25 上午 4:00:34,男,18–25歲,高中(職),無收入,其他,安卓,"流行, 搖滾, 古典, 爵士","放鬆時, 娛樂時","Youtube, Bili Bili",Spotify,"手機APP, 電腦軟體",三到四小時,4,4,1,200以下,3,2,2,2,3,3,1,1,1,1,1,1,1,1,2,3,300以下,
2023/12/25 上午 4:03:14,男,18–25歲,大學,無收入,學生,安卓,"流行, 搖滾, 獨立樂團","睡前, 放鬆時, 娛樂時",Youtube,沒有使用付費平台,"手機APP, 網頁",五小時以上,5,5,1,不願意,3,3,1,3,1,,,3,4,5,3,2,3,4,4,4,看30秒廣告解鎖使用一次,
2023/12/25 上午 4:55:03,男,18–25歲,大學,10000元以下,學生,ios,"流行, 搖滾, 獨立樂團, 電音, 爵士","工作時, 開車時, 放鬆時, 娛樂時",習慣以付費串流平台聽音樂,"Spotify, Youtube music","手機APP, 智慧音箱(HomePod、小米智能音箱)",二到三小時,5,5,1,100以下,3,3,1,5,5,1,1,1,1,1,1,1,1,1,1,1,沒興趣,
2023/12/25 上午 5:32:24,女,18–25歲,大學,10000元以下,學生,ios,"流行, Lofi, 抒情, 爵士","工作時, 放鬆時, 娛樂時","Youtube, Bili Bili",沒有使用付費平台,"手機APP, 網頁",四到五小時,5,5,4,100以下,3,2,1,3,5,5,5,2,1,2,2,1,1,2,3,4,看30秒廣告解鎖使用一次,
2023/12/25 上午 8:04:18,女,26–35歲,大學,40001–50000元,軍公教,安卓,"古典, 抒情, 爵士","吃飯時, 開車時, 放鬆時",下載成mp3聆聽,沒有使用付費平台,mp3音箱插隨身碟,一到二小時,5,3,1,100以下,4,4,2,3,4,4,3,4,4,4,5,2,4,5,4,5,100以下,
2023/12/25 上午 8:08:15,男,56–65歲,研究所(含)以上,60001元以上,軍公教,安卓,"Lofi, 抒情, 佛教音樂","睡前, 放鬆時","Youtube, 下載成mp3聆聽",沒有使用付費平台,電腦軟體,一到二小時,4,2,1,100以下,4,3,4,4,4,4,4,3,4,5,5,3,4,4,4,5,100以下,
2023/12/25 上午 8:12:58,男,46–55歲,大學,40001–50000元,製造業,ios,"流行, 搖滾","起床時, 吃飯時",下載成mp3聆聽,KKBOX,mp3音箱插隨身碟,一到二小時,4,4,4,100以下,4,5,3,4,5,4,4,4,4,5,5,3,4,4,5,5,300以下,
2023/12/25 上午 8:17:19,女,36–45歲,研究所(含)以上,20001–30000元,軍公教,安卓,"搖滾, 獨立樂團, 古典","睡前, 開車時, 放鬆時, 娛樂時",習慣以付費串流平台聽音樂,KKBOX,"手機APP, 智慧音箱(HomePod、小米智能音箱)",二到三小時,4,4,1,200以下,4,4,1,4,4,4,3,4,4,4,4,3,3,4,4,4,100以下,
2023/12/25 上午 8:21:18,女,36–45歲,大學,40001–50000元,服務業,ios,"流行, 搖滾, 抒情","工作時, 放鬆時","Youtube, 習慣以付費串流平台聽音樂","AppleMusic, KKBOX",手機APP,一到二小時,4,5,1,200以下,4,5,5,5,2,,,3,3,5,5,2,5,4,4,5,300以下,
2023/12/25 上午 8:23:45,男,36–45歲,大學,10001–20000元,軍公教,ios,"搖滾, 獨立樂團, Lofi, 古典, 抒情","睡前, 工作時, 放鬆時, 娛樂時",習慣以付費串流平台聽音樂,"Youtube music, AppleMusic, KKBOX",手機APP,一到二小時,5,5,1,200以下,4,4,1,1,5,4,4,3,1,3,1,2,1,1,4,4,300以下,
2023/12/25 上午 9:45:03,女,56–65歲,研究所(含)以上,60001元以上,商業,ios,"古典, 抒情","起床時, 開車時",Youtube,KKBOX,mp3音箱插隨身碟,一到二小時,4,2,2,300以下,4,4,2,2,4,4,4,4,4,4,4,3,4,4,4,5,300以下,
2023/12/25 上午 10:06:00,女,56–65歲,國中,10001–20000元,家管,ios,"流行, 古典, 抒情",放鬆時,"Youtube, 下載成mp3聆聽",沒有使用付費平台,"手機APP, 電腦軟體, mp3音箱插隨身碟",一到二小時,5,5,3,300以下,5,5,3,3,5,3,3,5,5,5,5,3,3,4,5,3,300以下,沒看過不了解
2023/12/25 下午 12:12:45,男,26–35歲,大學,30001–40000元,電子業,ios,"流行, 電音","工作時, 健身時",Youtube,沒有使用付費平台,手機APP,一到二小時,3,5,1,200以下,4,1,1,2,1,1,1,3,3,4,3,1,2,2,3,3,沒興趣,
2023/12/25 下午 12:21:46,男,18–25歲,高中(職),無收入,學生,ios,"流行, 抒情","起床時, 睡前, 放鬆時, 娛樂時","Youtube, Bili Bili, MB3",沒有使用付費平台,"手機APP, 網頁",一到二小時,5,5,3,100以下,3,1,1,3,2,,,2,2,4,2,1,5,2,4,2,看30秒廣告解鎖使用一次,
2023/12/25 下午 12:21:59,男,18歲(不含)以下,高中(職),無收入,學生,安卓,流行,娛樂時,Youtube,Spotify,"手機APP, 網頁",一小時以下,3,5,4,不願意,1,4,1,1,1,,,4,4,4,4,1,5,5,2,5,看30秒廣告解鎖使用一次,
2023/12/25 下午 12:22:15,男,26–35歲,大學,60001元以上,資訊業,安卓,抒情,"工作時, 娛樂時",Youtube,沒有使用付費平台,"手機APP, 網頁",一到二小時,3,3,1,不願意,3,1,1,3,2,,,2,2,1,1,1,2,2,2,1,沒興趣,
2023/12/25 下午 12:24:51,男,26–35歲,大學,50001-60000元,其他,安卓,"流行, 搖滾, 重金屬, Lofi, 古典, 抒情, 爵士","吃飯時, 洗澡時, 開車時, 放鬆時, 娛樂時","Youtube, 下載成mp3聆聽",沒有使用付費平台,"手機APP, 網頁, 電腦軟體",一到二小時,5,5,1,100以下,5,5,5,5,5,5,3,5,5,5,5,3,5,5,5,5,500以上,
2023/12/25 下午 12:27:49,男,18–25歲,研究所(含)以上,40001–50000元,資訊業,ios,"流行, 搖滾, 獨立樂團, 電音, 重金屬","起床時, 吃飯時, 洗澡時, 睡前, 工作時, 開車時, 放鬆時, 娛樂時","Youtube, 習慣以付費串流平台聽音樂",Spotify,"手機APP, 電腦軟體",五小時以上,5,5,3,300以下,4,2,1,1,5,2,1,5,5,1,4,1,1,1,4,1,看30秒廣告解鎖使用一次,我沒吉他
2023/12/25 下午 12:33:03,男,18–25歲,大學,10000元以下,其他,安卓,古典,"放鬆時, 娛樂時","Youtube, 下載成mp3聆聽",沒有使用付費平台,手機APP,一小時以下,3,4,3,100以下,3,2,1,2,1,,,3,3,3,3,2,2,3,2,3,100以下,
2023/12/25 下午 12:41:22,男,18–25歲,大學,10000元以下,學生,安卓,"流行, 搖滾, 獨立樂團","工作時, 開車時, 放鬆時, 娛樂時",Youtube,Spotify,"手機APP, 網頁",一到二小時,4,5,2,100以下,3,4,2,3,4,3,3,2,2,3,4,2,4,3,2,3,200以下,
2023/12/25 下午 1:04:35,女,46–55歲,研究所(含)以上,60001元以上,軍公教,ios,"流行, 古典","吃飯時, 工作時, 放鬆時, 娛樂時",Youtube,Youtube music,"手機APP, 電腦軟體",一到二小時,5,5,2,100以下,3,3,1,1,1,1,5,1,1,3,1,1,1,1,1,1,看30秒廣告解鎖使用一次,
2023/12/25 下午 1:47:48,女,18–25歲,高中(職),10000元以下,學生,ios,"流行, 獨立樂團, 抒情","工作時, 放鬆時, 娛樂時","Youtube, Bili Bili, 網易雲 ",沒有使用付費平台,"網頁, 電腦軟體",一到二小時,4,5,2,100以下,5,4,2,4,1,,,2,2,3,3,2,3,3,1,3,沒興趣,
2023/12/25 下午 3:36:23,男,18歲(不含)以下,國小(含)以下,無收入,學生,ios,"流行, 搖滾, 重金屬, 抒情, Op、E D、HOYO-Mix","娛樂時, 想到時",Youtube,Youtube music,手機APP,一小時以下,5,4,3,400以下,5,4,1,2,1,,,4,3,3,3,1,1,1,3,3,看30秒廣告解鎖使用一次,"會員是家庭方案（媽媽付的）
我有一點點錢
阿嬤紅包包快十萬被收起來
零用錢有一點點偏多
我以前在學校賣鋁箔包飲料
校外教學爸爸給一千沒有收回去
重點
窩不會線上購物"
2023/12/25 下午 4:12:34,男,18歲(不含)以下,國小(含)以下,無收入,學生,安卓,流行,娛樂時,下載成mp3聆聽,沒有使用付費平台,手機APP,一小時以下,5,3,1,不願意,2,4,1,4,1,,,3,2,2,4,1,1,1,1,5,看30秒廣告解鎖使用一次,
2023/12/25 下午 5:15:54,男,18–25歲,大學,10000元以下,學生,安卓,抒情,"放鬆時, 娛樂時","Youtube, 下載成mp3聆聽",沒有使用付費平台,"手機APP, 電腦軟體",一小時以下,3,4,1,不願意,3,2,1,2,1,,,4,4,3,3,4,3,4,4,4,看30秒廣告解鎖使用一次,
2023/12/25 下午 5:36:05,男,18–25歲,高中(職),10000元以下,學生,安卓,"流行, 抒情","放鬆時, 娛樂時","Youtube, 習慣以付費串流平台聽音樂",Spotify,"手機APP, 網頁",一到二小時,3,4,1,100以下,3,4,1,1,1,,,4,4,4,4,4,4,4,3,4,看30秒廣告解鎖使用一次,
2023/12/25 下午 5:36:07,男,18–25歲,大學,無收入,學生,安卓,Lofi,睡前,Youtube,沒有使用付費平台,手機APP,二到三小時,3,5,1,200以下,3,1,1,1,3,4,5,3,3,3,3,2,2,3,1,2,200以下,
2023/12/25 下午 5:37:55,男,26–35歲,大學,20001–30000元,待業,ios,"流行, 抒情","放鬆時, 娛樂時",Youtube,沒有使用付費平台,網頁,一到二小時,3,2,1,不願意,4,4,1,3,4,4,3,3,3,4,4,1,3,3,3,3,看30秒廣告解鎖使用一次,
2023/12/25 下午 5:39:05,男,18–25歲,高中(職),10000元以下,學生,ios,流行,"放鬆時, 娛樂時","Youtube, Bili Bili",沒有使用付費平台,"手機APP, 網頁",一小時以下,5,5,4,100以下,3,4,1,2,1,,,4,3,4,2,1,1,1,2,4,200以下,我覺得要看人喜不喜歡彈吉他。主要是我沒空練習
2023/12/25 下午 5:48:16,男,18–25歲,大學,無收入,學生,安卓,"流行, 搖滾, 電音, Lofi, 古典","開車時, 放鬆時, 娛樂時",Youtube,Youtube music,"手機APP, 網頁",一到二小時,4,1,1,100以下,3,2,1,4,5,4,3,1,1,4,3,1,1,1,3,2,看30秒廣告解鎖使用一次,
2023/12/25 下午 6:58:52,男,18歲(不含)以下,國中,無收入,學生,安卓,"流行, 電音, Phonk","工作時, 開車時, 放鬆時, 娛樂時","Youtube, 習慣以付費串流平台聽音樂",Spotify,"手機APP, 網頁",一到二小時,5,5,3,200以下,3,4,1,2,1,,,3,3,3,4,2,3,4,3,4,看30秒廣告解鎖使用一次,還不錯
2023/12/25 下午 6:59:56,男,18–25歲,大學,10000元以下,學生,安卓,"流行, 搖滾, 電音","開車時, 放鬆時, 娛樂時","Youtube, Bili Bili",Spotify,"手機APP, 網頁",一到二小時,4,5,1,200以下,3,3,1,1,1,,,4,4,4,4,2,2,2,3,4,500以下,
2023/12/25 下午 7:03:22,男,18歲(不含)以下,國中,無收入,學生,安卓,Phonk,"工作時, 開車時, 放鬆時, 娛樂時","Youtube, 習慣以付費串流平台聽音樂",Spotify,"手機APP, 網頁",一到二小時,5,5,3,200以下,3,4,1,3,1,,,3,3,3,4,2,3,4,3,4,200以下,很有創意
2023/12/25 下午 9:01:21,男,18歲(不含)以下,國小(含)以下,無收入,學生,安卓,流行,娛樂時,Youtube,沒有使用付費平台,手機APP,沒有,5,5,1,不願意,1,1,1,1,1,,,1,3,4,5,1,1,1,1,1,沒興趣,
2023/12/25 下午 9:06:22,男,18歲(不含)以下,國小(含)以下,無收入,學生,ios,"流行, 搖滾, 抒情","放鬆時, 娛樂時",Youtube,Spotify,手機APP,一到二小時,5,5,3,100以下,3,4,1,2,1,,,4,3,4,4,1,2,3,3,3,100以下,我不彈但超想（沒時間，最近要出國留學）
2023/12/25 下午 9:17:47,男,26–35歲,大學,30001–40000元,製造業,ios,"流行, 搖滾, 古典, 抒情","放鬆時, 娛樂時","Youtube, Bili Bili",Youtube music,網頁,一小時以下,4,4,1,300以下,4,2,1,2,1,,,4,4,5,3,4,4,5,5,5,500以上,
2023/12/25 下午 9:22:43,女,18–25歲,大學,10000元以下,學生,安卓,"流行, Lofi, 爵士","起床時, 睡前, 放鬆時, 娛樂時","Youtube, 下載成mp3聆聽",沒有使用付費平台,"手機APP, 網頁, 電腦軟體",五小時以上,5,4,1,100以下,3,2,1,3,2,,,2,2,4,5,2,3,5,4,4,200以下,
2023/12/25 下午 9:25:47,男,26–35歲,大學,無收入,待業,安卓,流行,睡前,騰訊視頻,AppleMusic,智慧音箱(HomePod、小米智能音箱),三到四小時,1,1,1,100以下,1,2,3,2,3,3,2,3,4,4,4,2,4,3,2,3,沒興趣,沒
2023/12/25 下午 9:31:43,男,18–25歲,研究所(含)以上,40001–50000元,資訊業,安卓,"流行, 搖滾, 獨立樂團, 電音, 重金屬, Lofi, 古典, 抒情, 爵士","工作時, 放鬆時, 娛樂時","Youtube, 習慣以付費串流平台聽音樂","Youtube music, AppleMusic","手機APP, 網頁, 電腦軟體",五小時以上,4,5,1,200以下,4,4,1,3,5,4,4,3,3,2,2,1,2,1,1,1,沒興趣,
2023/12/25 下午 9:33:54,男,18–25歲,大學,10001–20000元,學生,安卓,"流行, 獨立樂團","睡前, 放鬆時, 娛樂時","Youtube, 習慣以付費串流平台聽音樂","Youtube music, AppleMusic","手機APP, 網頁, 電腦軟體",二到三小時,4,4,2,100以下,3,2,1,2,1,,,3,3,4,4,3,2,3,2,3,沒興趣,
2023/12/25 下午 9:42:37,男,18歲(不含)以下,高中(職),10000元以下,學生,安卓,"搖滾, 爵士","開車時, 放鬆時, 娛樂時",Youtube,沒有使用付費平台,"網頁, 電腦軟體",一小時以下,3,3,1,不願意,3,4,1,1,1,,1,3,3,3,3,1,2,3,2,3,看30秒廣告解鎖使用一次,
2023/12/25 下午 9:48:37,男,18歲(不含)以下,國小(含)以下,無收入,學生,安卓,流行,"放鬆時, 娛樂時",Youtube,沒有使用付費平台,手機APP,沒有,5,1,1,不願意,1,1,1,1,1,,,1,1,1,1,1,1,1,1,1,沒興趣,
2023/12/26 上午 12:26:49,男,18–25歲,高中(職),10001–20000元,學生,ios,流行,"工作時, 放鬆時, 娛樂時","Youtube, 習慣以付費串流平台聽音樂","Spotify, Youtube music","網頁, 電腦軟體",一到二小時,5,4,1,不願意,5,3,4,5,3,3,1,4,2,2,2,1,4,5,5,5,300以下,
2023/12/26 上午 8:46:14,男,18–25歲,高中(職),20001–30000元,自由業,安卓,"搖滾, 重金屬, 爵士","起床時, 工作時",Youtube,Line Music,手機APP,一到二小時,4,4,4,200以下,4,5,2,2,4,4,4,4,4,4,4,3,4,4,4,5,200以下,填寫問卷才知道有Al生成吉他演奏，很棒呦！
2023/12/26 上午 9:56:02,男,18歲(不含)以下,大學,10001–20000元,學生,ios,流行,"洗澡時, 放鬆時, 娛樂時","Youtube, Bili Bili",沒有使用付費平台,手機APP,一小時以下,3,3,1,不願意,4,4,4,4,1,,,3,4,4,4,2,4,3,3,3,沒興趣,
2023/12/26 上午 10:05:01,女,56–65歲,高中(職),10000元以下,其他,ios,"古典, ","放鬆時, 娛樂時","Youtube, 下載成mp3聆聽",沒有使用付費平台,"手機APP, 無",沒有,3,3,1,500以下,3,2,1,3,1,2,1,2,3,3,4,2,2,3,3,4,500以下,願意嘗試
2023/12/26 上午 10:24:59,男,26–35歲,大學,40001–50000元,營造業,ios,"流行, 搖滾, 獨立樂團",工作時,Youtube,Youtube music,手機APP,一到二小時,3,5,1,200以下,3,5,1,3,1,,,1,1,1,1,1,1,1,1,1,看30秒廣告解鎖使用一次,
2023/12/26 上午 10:47:01,女,26–35歲,大學,30001–40000元,金融保險業,鴻蒙,"古典, 抒情","放鬆時, 娛樂時",Youtube,Youtube music,智慧音箱(HomePod、小米智能音箱),二到三小時,4,4,4,200以下,4,3,2,2,3,3,3,4,4,4,4,3,4,4,4,3,200以下,以前都不知道有Lofi
2023/12/26 上午 11:26:01,男,18–25歲,大學,20001–30000元,學生,安卓,"流行, 抒情, 古風音樂","洗澡時, 工作時, 放鬆時, 娛樂時",Youtube,Youtube music,"手機APP, 藍芽耳機",五小時以上,4,5,1,300以下,2,1,1,1,3,3,1,1,2,1,2,1,1,1,1,1,沒興趣,
2023/12/26 下午 12:36:19,男,18–25歲,研究所(含)以上,10001–20000元,學生,安卓,"搖滾, 獨立樂團","放鬆時, 娛樂時","Youtube, 習慣以付費串流平台聽音樂","Spotify, Youtube music","手機APP, 網頁, 電腦軟體",一到二小時,5,5,1,200以下,1,1,1,1,1,,,1,1,2,2,3,1,3,1,1,沒興趣,
2023/12/26 下午 1:06:59,男,36–45歲,研究所(含)以上,60001元以上,軍公教,安卓,"重金屬, Lofi","洗澡時, 開車時",習慣以付費串流平台聽音樂,Line Music,網頁,一到二小時,5,4,4,500以下,4,3,2,4,4,5,5,4,4,5,5,4,4,4,4,5,300以下,
2023/12/26 下午 1:54:59,女,18–25歲,大學,10001–20000元,學生,安卓,"流行, 抒情","工作時, 放鬆時, 娛樂時","Youtube, 下載成mp3聆聽",沒有使用付費平台,"手機APP, 網頁",一到二小時,4,5,2,100以下,4,3,1,4,2,,,2,2,4,4,2,4,4,5,4,200以下,
2023/12/26 下午 2:20:20,男,18–25歲,大學,無收入,學生,安卓,"流行, 搖滾, 電音, 爵士","睡前, 工作時, 放鬆時, 娛樂時",Youtube,"Youtube music, 沒有使用付費平台","手機APP, 網頁",三到四小時,5,5,1,不願意,4,3,3,5,5,4,3,3,3,4,3,3,4,4,4,5,500以上,
2023/12/26 下午 2:34:06,男,18–25歲,大學,無收入,學生,安卓,"搖滾, 電音, Lofi","起床時, 洗澡時, 開車時, 放鬆時, 娛樂時",Youtube,"Youtube music, MixerBox","手機APP, 電腦軟體",五小時以上,5,5,1,100以下,3,1,1,2,4,3,2,4,4,3,2,1,2,3,2,4,100以下,
2023/12/26 下午 2:57:25,男,18–25歲,大學,10000元以下,學生,ios,"流行, 搖滾, 獨立樂團, 電音, Lofi","放鬆時, 娛樂時","Youtube, 下載成mp3聆聽",沒有使用付費平台,"手機APP, 網頁",一到二小時,3,3,2,100以下,3,3,1,2,5,4,4,4,4,3,4,2,2,2,2,2,看30秒廣告解鎖使用一次,
2023/12/26 下午 4:28:57,男,26–35歲,大學,40001–50000元,製造業,ios,"搖滾, 重金屬",娛樂時,Youtube,沒有使用付費平台,網頁,一小時以下,5,1,1,100以下,5,5,5,5,5,1,1,3,5,5,5,5,5,5,1,5,100以下,
2023/12/26 下午 4:41:18,男,26–35歲,高中(職),50001-60000元,其他,安卓,"流行, 電音","放鬆時, 娛樂時","Youtube, 下載成mp3聆聽",沒有使用付費平台,網頁,一小時以下,3,1,1,不願意,3,1,1,1,1,,,3,2,3,3,1,2,3,2,2,看30秒廣告解鎖使用一次,
2023/12/26 下午 5:07:20,男,18–25歲,國中,無收入,退休,ios,動漫歌,"放鬆時, 娛樂時","下載成mp3聆聽, 付費之後下載",apple music,電腦軟體,一小時以下,5,5,1,不願意,3,5,1,3,1,,,4,3,5,4,1,5,5,4,5,100以下,最好可以免費 我一定會訂閱 然後無廣告或著可以用廣告阻擋器 這樣一定一堆人用 
2023/12/26 下午 5:16:05,男,18–25歲,大學,10001–20000元,學生,ios,"流行, 搖滾, 獨立樂團, 電音, Lofi","起床時, 洗澡時, 睡前, 放鬆時, 娛樂時",習慣以付費串流平台聽音樂,Spotify,"手機APP, 電腦軟體",一小時以下,4,5,1,100以下,5,2,2,4,4,4,4,2,2,2,2,2,4,4,3,3,200以下,虛擬人物太油會滑倒
2023/12/26 下午 5:21:47,男,18–25歲,大學,無收入,學生,安卓,"流行, 獨立樂團, 抒情","工作時, 放鬆時, 娛樂時",Youtube,"Youtube music, KKBOX","手機APP, 網頁, 電腦軟體",一到二小時,5,5,1,200以下,3,1,1,2,2,,,3,1,1,3,1,1,2,2,3,100以下,
2023/12/26 下午 6:41:31,男,18歲(不含)以下,國中,無收入,學生,ios,"流行, 搖滾","放鬆時, 娛樂時",Youtube,"Spotify, Yt",手機APP,一小時以下,3,1,1,300以下,1,2,1,1,1,,,3,3,2,2,1,2,4,3,3,300以下,
2023/12/26 下午 6:44:35,男,18歲(不含)以下,國中,無收入,學生,ios,"流行, 搖滾, 獨立樂團, 重金屬, ","放鬆時, 運動時",spotify,Spotify,手機APP,五小時以上,5,5,3,不願意,2,3,1,1,1,3,3,1,3,2,2,1,1,1,1,1,看30秒廣告解鎖使用一次,還可以：3（中立）
2023/12/26 下午 7:06:45,男,18歲(不含)以下,國小(含)以下,10000元以下,學生,安卓,電音,娛樂時,"Youtube, Bili Bili",沒有使用付費平台,手機APP,一小時以下,3,4,1,不願意,1,1,1,2,3,1,3,3,1,4,2,1,3,4,2,4,看30秒廣告解鎖使用一次,
2023/12/26 下午 7:24:22,女,56–65歲,高中(職),40001–50000元,服務業,ios,"古典, 爵士","洗澡時, 放鬆時",Youtube,沒有使用付費平台,智慧音箱(HomePod、小米智能音箱),一小時以下,4,4,4,200以下,4,4,2,4,2,2,2,4,4,4,4,3,4,4,4,4,200以下,
2023/12/26 下午 7:47:28,男,56–65歲,研究所(含)以上,60001元以上,醫務人員,ios,"抒情, 爵士","洗澡時, 工作時, 放鬆時","Youtube, 自購",Youtube music,手機APP,五小時以上,5,5,1,不願意,5,5,1,2,1,1,1,5,5,5,5,2,2,2,2,5,100以下,
2023/12/26 下午 7:49:06,男,18歲(不含)以下,國小(含)以下,無收入,學生,安卓,"流行, 搖滾, 獨立樂團, 電音, 重金屬, 抒情, 军歌:)","放鬆時, 娛樂時",Youtube,沒有使用付費平台,網頁,五小時以上,5,5,3,不願意,3,3,1,1,1,3,1,3,1,3,3,1,1,1,1,3,沒興趣,我没有太喜欢吉他但如果是免费的我会试用看看
2023/12/26 下午 7:50:04,男,18–25歲,大學,無收入,學生,安卓,流行,放鬆時,"Youtube, Bili Bili",沒有使用付費平台,手機APP,二到三小時,4,4,5,不願意,4,4,3,3,3,,,4,3,4,4,2,4,4,4,3,沒興趣,
2023/12/26 下午 8:43:27,男,18–25歲,大學,無收入,待業,安卓,Lofi,"睡前, 放鬆時, 娛樂時","Youtube, 下載成mp3聆聽",沒有使用付費平台,"手機APP, 網頁",一小時以下,4,4,1,不願意,3,2,1,2,3,3,4,3,3,3,4,1,2,2,2,3,看30秒廣告解鎖使用一次,
2023/12/26 下午 8:45:39,男,26–35歲,研究所(含)以上,40001–50000元,商業,ios,"搖滾, 電音, 重金屬, 古典, 爵士","放鬆時, 娛樂時",Youtube,沒有使用付費平台,"手機APP, 電腦",一到二小時,3,3,1,300以下,3,3,1,3,2,,,3,3,3,3,2,4,3,1,3,300以下,"其實我以前學過樂器(鋼琴,黑管,爵士鼓),我反而比較會去認真聽整首歌的呈現"
2023/12/26 下午 9:34:29,男,18–25歲,大學,無收入,學生,ios,"流行, 古典, 抒情","睡前, 放鬆時, 娛樂時","Youtube, 下載成mp3聆聽",沒有使用付費平台,"手機APP, 電腦軟體",一小時以下,3,4,1,不願意,3,2,1,1,1,,,2,1,1,1,1,3,2,1,4,看30秒廣告解鎖使用一次,
2023/12/27 上午 12:01:56,女,18–25歲,大學,20001–30000元,其他,ios,"流行, 電音, 古典, 爵士","放鬆時, 娛樂時",Youtube,Line Music,手機APP,一小時以下,3,5,1,300以下,2,4,1,2,3,3,2,5,5,4,4,3,3,2,4,3,300以下,感覺....無
2023/12/27 上午 8:49:36,女,26–35歲,大學,10000元以下,服務業,ios,流行,娛樂時,Youtube,Spotify,網頁,一小時以下,5,3,2,不願意,5,3,1,1,1,,,1,1,1,2,1,1,1,1,1,沒興趣,
2023/12/27 上午 8:55:30,男,18–25歲,研究所(含)以上,40001–50000元,資訊業,ios,"搖滾, Lofi","洗澡時, 開車時",Bili Bili,AppleMusic,mp3音箱插隨身碟,二到三小時,4,4,4,300以下,5,4,4,4,3,5,4,5,4,4,4,4,4,4,4,4,300以下,我是Lofi 愛好者ㄛ
2023/12/27 上午 9:12:42,女,56–65歲,大學,60001元以上,軍公教,ios,"流行, 獨立樂團, 抒情, 爵士","放鬆時, 娛樂時","Youtube, 下載成mp3聆聽, 習慣以付費串流平台聽音樂",沒有使用付費平台,"手機APP, mp3音箱插隨身碟",一小時以下,4,5,1,200以下,4,3,1,2,3,3,3,4,4,4,4,3,4,4,3,4,300以下,
2023/12/27 上午 9:19:03,女,56–65歲,大學,40001–50000元,軍公教,安卓,"古典, 抒情, 爵士","吃飯時, 開車時",Youtube,沒有使用付費平台,手機APP,一到二小時,5,4,1,100以下,5,3,1,4,1,,,4,4,5,5,4,4,5,5,5,200以下,
2023/12/27 上午 9:20:02,男,65歲以上,研究所(含)以上,60001元以上,醫務人員,ios,"古典, 爵士","睡前, 放鬆時",習慣以付費串流平台聽音樂,KKBOX,網頁,二到三小時,4,4,1,500以下,4,4,2,2,4,2,1,4,4,4,4,4,3,4,4,5,500以下,
2023/12/27 上午 9:28:09,女,56–65歲,研究所(含)以上,60001元以上,軍公教,安卓,"古典, 抒情","起床時, 洗澡時",Youtube,沒有使用付費平台,mp3音箱插隨身碟,一到二小時,4,4,2,200以下,4,4,1,1,3,3,3,4,4,4,4,5,5,5,4,5,200以下,沒有付費的音樂，我會更喜歡！
2023/12/27 上午 9:28:54,男,18–25歲,大學,10000元以下,學生,安卓,"流行, 搖滾, 重金屬","洗澡時, 放鬆時, 娛樂時",Youtube,Youtube music,"手機APP, 網頁",一到二小時,5,5,1,200以下,5,5,5,5,5,3,1,1,1,4,3,2,5,5,5,5,500以下,
2023/12/27 上午 9:35:04,男,18–25歲,大學,無收入,學生,安卓,流行,"工作時, 放鬆時, 娛樂時","Youtube, 習慣以付費串流平台聽音樂","Spotify, Youtube music","手機APP, 網頁, 電腦軟體",三到四小時,5,3,1,100以下,3,2,1,4,4,3,3,3,3,4,5,2,3,4,3,4,200以下,
2023/12/27 上午 10:00:05,男,18–25歲,高中(職),無收入,學生,安卓,"搖滾, 獨立樂團","起床時, 吃飯時, 睡前, 工作時, 放鬆時, 娛樂時","Youtube, 下載成mp3聆聽",沒有使用付費平台,"手機APP, 網頁",五小時以上,3,4,1,不願意,3,1,1,1,2,,,2,2,2,1,1,1,1,1,1,看30秒廣告解鎖使用一次,
2023/12/27 上午 10:05:09,女,26–35歲,研究所(含)以上,10001–20000元,學生,ios,"流行, 獨立樂團, Lofi, 爵士","工作時, 開車時, 放鬆時",Youtube,AppleMusic,"手機APP, 網頁",一到二小時,5,2,1,100以下,4,4,1,4,4,4,5,3,1,3,3,1,4,4,4,3,200以下,無
2023/12/27 上午 10:33:39,男,18–25歲,大學,20001–30000元,學生,ios,"流行, 抒情","開車時, 想聽的時候","Youtube, 習慣以付費串流平台聽音樂","Spotify, Youtube music",手機APP,一到二小時,5,5,1,100以下,4,3,2,5,1,,,3,3,3,4,3,4,5,4,5,300以下,虛擬人物對人有沒有吸引力也是一個點
2023/12/27 上午 11:09:04,男,18–25歲,大學,10000元以下,學生,安卓,流行,"放鬆時, 娛樂時",Youtube,沒有使用付費平台,手機APP,一小時以下,4,4,4,100以下,4,2,2,3,4,3,3,4,4,4,4,3,3,4,4,4,看30秒廣告解鎖使用一次,
2023/12/27 上午 11:14:49,男,18–25歲,大學,無收入,學生,鴻蒙,"流行, 搖滾, 爵士","睡前, 放鬆時, 娛樂時",Youtube,沒有使用付費平台,無,一小時以下,4,4,2,100以下,4,2,2,2,4,2,1,4,4,4,4,3,4,4,4,4,100以下,很有趣的問卷調查！
2023/12/27 下午 12:36:08,女,18–25歲,研究所(含)以上,無收入,學生,安卓,"流行, 抒情","睡前, 放鬆時",Youtube,沒有使用付費平台,mp3音箱插隨身碟,一小時以下,4,2,2,100以下,4,4,2,2,4,2,1,4,5,5,4,4,4,4,4,5,100以下,今天長知識了！
2023/12/27 下午 1:38:55,女,46–55歲,大學,30001–40000元,軍公教,安卓,流行,"吃飯時, 放鬆時, 娛樂時",Youtube,KKBOX,"手機APP, mp3音箱插隨身碟",一到二小時,1,5,1,不願意,5,5,5,5,5,5,5,5,5,5,5,5,5,5,5,5,400以下,
2023/12/27 下午 3:37:21,女,18–25歲,大學,10000元以下,學生,安卓,流行,"工作時, 放鬆時, 娛樂時","Youtube, 下載成mp3聆聽, Spotify 電腦版",沒有使用付費平台,"手機APP, 網頁, 電腦軟體",一小時以下,3,4,2,不願意,3,4,1,3,1,,,2,1,4,2,1,1,1,4,1,沒興趣,
2023/12/27 下午 4:29:14,男,26–35歲,研究所(含)以上,無收入,待業,安卓,"流行, Lofi, 古典, 抒情","睡前, 放鬆時, 娛樂時","Youtube, Bili Bili",沒有使用付費平台,"手機APP, 網頁, 電腦軟體",一到二小時,5,3,1,不願意,4,5,1,3,5,5,5,5,5,5,5,1,3,4,3,3,看30秒廣告解鎖使用一次,
2023/12/27 下午 5:37:29,男,26–35歲,大學,無收入,待業,安卓,"流行, 電音","放鬆時, 娛樂時",Youtube,沒有使用付費平台,網頁,二到三小時,4,5,1,不願意,4,1,1,3,1,,,4,4,3,2,1,5,5,4,4,看30秒廣告解鎖使用一次,"吉他還要調音、保養之類的其他作業，所以這些""其他的東西""也能教學的話就是一條龍的歷程，感覺更能產生興趣。"
2023/12/27 下午 5:58:51,男,18–25歲,大學,無收入,學生,安卓,"流行, 搖滾, 獨立樂團, Lofi, 古典, 抒情, 爵士","睡前, 放鬆時, 娛樂時",Youtube,沒有使用付費平台,"手機APP, 網頁",一到二小時,3,5,1,不願意,3,2,1,2,3,3,3,4,4,4,4,2,2,4,3,3,看30秒廣告解鎖使用一次,
2023/12/27 下午 6:18:52,男,26–35歲,大學,20001–30000元,自由業,安卓,古典,"放鬆時, 娛樂時",Youtube,沒有使用付費平台,"手機APP, 網頁",一小時以下,1,1,1,不願意,3,1,1,2,3,3,2,4,5,5,1,1,1,1,1,1,沒興趣,免費+無廣告
2023/12/27 下午 6:42:12,女,46–55歲,大學,50001-60000元,軍公教,ios,"流行, 古典, 抒情","起床時, 吃飯時, 工作時, 開車時, 放鬆時","Youtube, 習慣以付費串流平台聽音樂",Spotify,手機APP,一小時以下,5,5,3,100以下,4,4,1,2,4,2,2,4,4,4,4,2,4,4,4,4,100以下,
2023/12/27 下午 9:15:36,男,18歲(不含)以下,國小(含)以下,無收入,學生,安卓,搖滾,娛樂時,Youtube,沒有使用付費平台,手機APP,一小時以下,5,4,1,不願意,3,2,1,1,1,1,1,1,1,4,4,1,3,1,1,5,看30秒廣告解鎖使用一次,
2023/12/27 下午 9:18:24,男,18歲(不含)以下,國小(含)以下,無收入,學生,安卓,流行,娛樂時,Youtube,"Youtube music, 沒有使用付費平台",手機APP,一小時以下,4,5,1,不願意,1,1,1,2,1,1,1,1,2,1,1,1,1,1,1,3,沒興趣,
2023/12/27 下午 9:53:46,男,18–25歲,大學,20001–30000元,軍公教,安卓,"搖滾, 電音, 重金屬, 古典, 爵士","起床時, 吃飯時, 睡前, 放鬆時, 娛樂時","Youtube, 下載成mp3聆聽",沒有使用付費平台,手機APP,一到二小時,5,5,1,不願意,4,1,1,5,1,,,3,3,5,4,4,1,5,5,5,500以上,
2023/12/27 下午 9:59:41,男,26–35歲,大學,30001–40000元,商業,安卓,"獨立樂團, 電音, Lofi, 古典, 爵士","工作時, 開車時, 放鬆時, 娛樂時",Youtube,沒有使用付費平台,"手機APP, 網頁",四到五小時,5,5,1,不願意,3,2,1,3,5,5,4,2,2,2,3,1,5,3,2,4,100以下,
2023/12/27 下午 10:04:41,男,46–55歲,高中(職),20001–30000元,其他,安卓,"搖滾, 爵士, JPOP","睡前, 放鬆時, 下班後5分鐘",下載成mp3聆聽,沒有使用付費平台,"手機APP, 電腦軟體",一小時以下,2,5,1,不願意,1,3,1,1,1,,,3,3,3,4,1,4,4,3,4,看30秒廣告解鎖使用一次,
2023/12/27 下午 10:30:43,男,46–55歲,大學,60001元以上,軍公教,ios,"重金屬, 古典","開車時, 娛樂時",習慣以付費串流平台聽音樂,KKBOX,手機APP,一到二小時,4,2,2,500以下,4,4,2,2,4,4,4,4,4,4,5,5,4,4,4,4,500以下,
2023/12/27 下午 10:43:25,女,18–25歲,大學,無收入,學生,安卓,"搖滾, 電音, 重金屬","洗澡時, 開車時","Youtube, 下載成mp3聆聽",沒有使用付費平台,"手機APP, 網頁",一小時以下,4,5,5,100以下,5,5,5,5,5,4,4,4,4,5,5,2,5,4,5,5,100以下,
2023/12/27 下午 10:46:16,男,18歲(不含)以下,高中(職),無收入,學生,ios,"流行, 搖滾","洗澡時, 放鬆時, 娛樂時","Youtube, Bili Bili, 下載成mp3聆聽",沒有使用付費平台,"手機APP, 網頁",一小時以下,5,4,1,不願意,3,3,1,2,4,3,2,3,3,4,4,1,1,2,3,1,看30秒廣告解鎖使用一次,
2023/12/27 下午 10:55:40,女,36–45歲,大學,40001–50000元,軍公教,ios,"搖滾, 電音","開車時, 放鬆時, 娛樂時",下載成mp3聆聽,Spotify,mp3音箱插隨身碟,二到三小時,4,4,4,200以下,4,4,1,4,4,2,2,4,4,4,4,3,4,4,4,5,300以下,
2023/12/27 下午 11:25:06,男,26–35歲,高中(職),30001–40000元,農林漁牧業,鴻蒙,"獨立樂團, 爵士","工作時, 娛樂時",Youtube,沒有使用付費平台,手機APP,二到三小時,4,4,2,200以下,2,4,1,2,4,2,2,4,2,2,2,2,2,2,2,2,沒興趣,
2023/12/28 上午 12:26:13,男,18–25歲,大學,10001–20000元,學生,安卓,"流行, 搖滾, 獨立樂團, 重金屬","開車時, 放鬆時, 娛樂時",習慣以付費串流平台聽音樂,Spotify,"手機APP, 電腦軟體",二到三小時,5,5,1,300以下,5,5,1,5,5,3,1,4,3,1,1,1,5,5,4,1,500以下,
2023/12/28 上午 8:43:21,男,36–45歲,研究所(含)以上,60001元以上,資訊業,安卓,"搖滾, Lofi, 爵士","開車時, 放鬆時, 娛樂時",Youtube,沒有使用付費平台,電腦軟體,一小時以下,5,4,2,200以下,4,4,1,2,4,4,2,4,4,4,4,4,4,4,4,5,300以下,很不錯的問卷，但職業類別過多，分析時較會造成困擾
2023/12/28 上午 8:53:15,女,56–65歲,國小(含)以下,20001–30000元,其他,安卓,流行,"工作時, 放鬆時, 娛樂時",Youtube,投幣式卡拉OK,網頁,四到五小時,3,2,1,100以下,3,1,1,1,1,,,3,3,2,3,1,2,2,3,1,看30秒廣告解鎖使用一次,
2023/12/28 上午 8:53:57,男,18–25歲,大學,50001-60000元,自由業,ios,"流行, 抒情","睡前, 放鬆時, 娛樂時",Youtube,Youtube music,"手機APP, 網頁",一到二小時,2,3,2,400以下,4,4,2,3,1,,,4,5,3,3,4,3,4,4,3,300以下,
2023/12/28 上午 8:55:51,女,46–55歲,大學,50001-60000元,軍公教,安卓,流行,"放鬆時, 娛樂時",Youtube,Youtube music,手機APP,一小時以下,3,2,1,200以下,2,4,1,2,1,,,3,2,4,4,3,2,2,2,4,看30秒廣告解鎖使用一次,
2023/12/28 上午 9:01:28,女,46–55歲,高中(職),30001–40000元,軍公教,安卓,抒情,放鬆時,Youtube,沒有使用付費平台,網頁,一到二小時,4,5,1,不願意,3,3,1,1,1,,,3,3,4,4,1,4,4,3,3,看30秒廣告解鎖使用一次,可看看
2023/12/28 上午 9:07:33,女,18–25歲,大學,10000元以下,待業,ios,"流行, 抒情","起床時, 吃飯時, 洗澡時, 放鬆時",Youtube,沒有使用付費平台,手機APP,二到三小時,4,5,1,不願意,4,3,2,4,3,3,3,3,3,3,4,3,3,3,3,4,看30秒廣告解鎖使用一次,不錯
2023/12/28 上午 9:09:27,女,46–55歲,大學,60001元以上,醫務人員,ios,"流行, 抒情, 爵士","起床時, 開車時, 放鬆時",下載成mp3聆聽,沒有使用付費平台,電腦軟體,二到三小時,4,4,2,200以下,4,4,1,4,2,2,2,4,4,4,4,3,4,4,4,5,300以下,
2023/12/28 上午 9:35:41,男,36–45歲,大學,60001元以上,大眾傳播,ios,"流行, 重金屬","開車時, 放鬆時",Bili Bili,AppleMusic,mp3音箱插隨身碟,一到二小時,5,4,2,500以下,5,4,4,4,2,2,1,4,5,5,4,4,5,5,5,5,500以下,想嘗試聽lofi
2023/12/28 上午 9:50:11,女,56–65歲,研究所(含)以上,30001–40000元,其他,安卓,抒情,"睡前, 開車時",Youtube,沒有使用付費平台,手機APP,一小時以下,3,4,4,300以下,4,2,1,2,1,,,4,4,4,4,3,4,3,4,4,300以下,
2023/12/28 上午 10:11:58,男,18–25歲,大學,20001–30000元,學生,安卓,"流行, 爵士","開車時, 娛樂時",Youtube,Spotify,手機APP,一小時以下,4,5,3,200以下,4,5,3,4,5,5,4,2,3,4,4,3,3,2,4,4,200以下,
2023/12/28 上午 10:12:53,男,18歲(不含)以下,高中(職),無收入,學生,安卓,"搖滾, 電音, 抒情","吃飯時, 工作時, 放鬆時, 娛樂時",Youtube,Youtube music,"手機APP, 網頁",一到二小時,5,5,2,200以下,3,3,1,2,2,,,2,2,3,3,1,2,2,2,2,沒興趣,
2023/12/28 上午 10:28:12,男,18–25歲,大學,無收入,學生,安卓,"流行, 搖滾, 獨立樂團, 電音","工作時, 放鬆時",Youtube,沒有使用付費平台,"手機APP, 電腦軟體",一到二小時,4,4,2,100以下,4,3,1,1,1,,,3,3,4,4,1,3,3,2,2,看30秒廣告解鎖使用一次,
2023/12/28 上午 11:39:23,女,36–45歲,研究所(含)以上,20001–30000元,軍公教,安卓,"流行, 搖滾, 古典, 抒情, 爵士","吃飯時, 工作時, 開車時, 放鬆時, 娛樂時","Youtube, 習慣以付費串流平台聽音樂","Spotify, KKBOX","手機APP, 網頁, 電腦軟體",二到三小時,5,5,4,100以下,4,3,1,3,1,,,4,3,4,4,1,4,5,4,3,看30秒廣告解鎖使用一次,
2023/12/28 上午 11:45:38,男,18歲(不含)以下,高中(職),無收入,學生,鴻蒙,"搖滾, 獨立樂團","放鬆時, 娛樂時",Youtube,沒有使用付費平台,mp3音箱插隨身碟,一小時以下,5,4,4,100以下,4,5,1,2,4,2,1,4,4,5,5,2,4,4,4,5,100以下,
2023/12/28 上午 11:53:24,女,18–25歲,大學,30001–40000元,軍公教,ios,"流行, 抒情","睡前, 開車時, 放鬆時",下載成mp3聆聽,KKBOX,電腦軟體,一到二小時,4,3,2,200以下,4,4,1,2,1,2,1,4,4,4,5,5,5,5,5,5,300以下,填問卷後，對學彈吉他有點心動
2023/12/28 上午 11:57:27,女,56–65歲,高中(職),10001–20000元,家管,安卓,"流行, 抒情","起床時, 工作時",Youtube,沒有使用付費平台,mp3音箱插隨身碟,二到三小時,5,4,2,200以下,4,5,1,2,2,2,2,4,5,5,5,4,4,4,4,5,200以下,
2023/12/28 下午 12:19:16,女,26–35歲,大學,30001–40000元,資訊業,ios,"流行, 搖滾, 抒情","洗澡時, 開車時",Youtube,Youtube music,手機APP,二到三小時,3,5,2,100以下,1,2,1,1,1,,,1,1,1,3,1,1,1,1,1,沒興趣,
2023/12/28 下午 12:41:20,男,46–55歲,研究所(含)以上,30001–40000元,軍公教,ios,"流行, 古典, 爵士","工作時, 開車時",Youtube,Spotify,"手機APP, 電腦軟體",一到二小時,5,5,3,100以下,5,5,5,5,1,,,5,5,5,5,5,5,5,5,5,100以下,
2023/12/28 下午 12:49:05,男,18–25歲,大學,10000元以下,學生,安卓,"流行, 搖滾, 電音","洗澡時, 工作時, 放鬆時","Youtube, 下載成mp3聆聽, 習慣以付費串流平台聽音樂",Spotify,"手機APP, 電腦軟體",一到二小時,5,5,1,不願意,3,1,1,2,5,3,2,2,3,3,3,2,2,4,4,4,200以下,
2023/12/28 下午 2:09:08,女,18–25歲,大學,60001元以上,資訊業,安卓,"流行, 獨立樂團, Jpop","工作時, 通勤","Youtube, 習慣以付費串流平台聽音樂",Youtube music,"手機APP, 電腦軟體",一小時以下,3,5,1,500以下,2,2,1,2,1,3,3,1,1,1,3,1,3,2,1,3,沒興趣,
2023/12/28 下午 3:41:12,男,18–25歲,高中(職),無收入,學生,安卓,不聽音樂,"起床時, 吃飯時, 洗澡時, 睡前, 工作時, 開車時, 放鬆時, 娛樂時",Youtube,沒有使用付費平台,智慧音箱(HomePod、小米智能音箱),沒有,1,1,1,不願意,1,1,1,1,1,1,1,1,1,1,1,1,1,1,1,1,看30秒廣告解鎖使用一次,
2023/12/28 下午 4:52:58,女,26–35歲,大學,無收入,學生,安卓,流行,放鬆時,Youtube,沒有使用付費平台,網頁,一小時以下,5,5,2,100以下,2,2,1,4,1,,,3,1,2,2,1,4,4,5,4,看30秒廣告解鎖使用一次,
2023/12/28 下午 6:56:26,男,18–25歲,大學,10000元以下,學生,安卓,"流行, 搖滾, 獨立樂團, 電音, 重金屬","工作時, 開車時, 放鬆時","Youtube, 下載成mp3聆聽",沒有使用付費平台,"手機APP, 網頁, 電腦軟體",一到二小時,4,4,1,不願意,3,2,1,3,1,,,4,4,2,2,1,3,3,4,4,100以下,